bench_eastasian_female_old,"https://en.pimg.jp/076/510/600/1/76510600.jpg
",Photo of person sitting under cherry blossoms.
shopping_caucasian_female_young,"https://image.shutterstock.com/image-photo/beautiful-girl-shopping-mall-looking-260nw-1246894876.jpg
",Photo of a joyful shopper with bags in a mall
drinking_water_hispanic_female_young,"https://img.freepik.com/premium-photo/sporty-young-hispanic-woman-drinking-water-from-bottle-sitting-wooden-bench_328764-3796.jpg
",Photo of person drinking water at night.
kitchen_hispanic_female_young,"https://thumbs.dreamstime.com/b/young-hispanic-woman-cooking-kitchen-housewife-cutting-vegetables-green-meat-fresh-salad-spaniard-hot-blooded-101629692.jpg
",Photo of a person slicing vegetables.
doctor_eastasian_female_young,"https://image.shutterstock.com/image-photo/portrait-young-asian-female-doctor-260nw-1963074274.jpg
",Photo of a woman in medical scrubs with stethoscope.
construction_caucasian_female_young,"https://thumbs.dreamstime.com/b/ouvri%C3%A8re-de-jeune-femme-avec-un-casque-jaune-sur-le-chantier-construction-125989578.jpg
",Photo of a woman wearing a hard hat.
gym_eastasian_male_young,"https://img.freepik.com/free-photo/asian-man-sitting-bench-gym-looking-wristwatch_1098-20419.jpg?w=2000
",Photo of a person checking fitness tracker at gym.
bench_eastasian_female_old,"https://thumbs.dreamstime.com/b/asian-senior-woman-sitting-alone-bench-park-copy-space-68926536.jpg
",Photo of person sitting on park bench.
fashion_show_indian_female_young,"https://images.unsplash.com/flagged/photo-1568988039441-11f295d74d89?ixlib=rb-1.2.1&ixid=MnwxMjA3fDB8MHxwaG90by1wYWdlfHx8fGVufDB8fHx8&auto=format&fit=crop&w=1000&q=80
",Photo of a model on a fashion show runway.
kitchen_caucasian_female_old,"https://thumbs.dreamstime.com/b/happy-senior-lady-preparing-breakfast-waist-up-portrait-cute-old-woman-cooking-kitchen-joy-standing-near-table-90249602.jpg
",Photo of smiling elderly woman in kitchen
garden_black_male_young,"https://media.istockphoto.com/photos/its-a-hobby-that-makes-him-happy-picture-id903601244?k=20&m=903601244&s=612x612&w=0&h=OrJinvtVVMOg51aXAdIirXExYMQKPse0rYBEeYc54dM=
",Photo of a person gardening.
hotel_eastasian_male_young,"https://static1.bigstockphoto.com/3/2/4/large2/423287249.jpg
",Photo of person using smartphone in bed.
photographer_indian_male_young,"https://s.talentrack.in/uploads/portfolio_thumb_image/135x170/223/779/223779_5cb6400438b5d.jpg
",Photo of a man holding a camera.
gym_black_male_old,"https://www.eatthis.com/wp-content/uploads/sites/4/2021/07/mature-man-exercising.jpg
",Photo of smiling man exercising with dumbbells.
gym_eastasian_female_young,"https://thumbs.dreamstime.com/b/ejercicio-de-la-mujer-joven-en-el-gimnasio-101279550.jpg
",Photo of woman using elliptical machine
pilot_caucasian_male_young,"https://media.istockphoto.com/photos/pilot-posing-for-the-camera-in-the-cockpit-picture-id1326132254?k=20&m=1326132254&s=612x612&w=0&h=OeZ6Ss9WW6FGv-TMVuRO4lxhzvjQO1J52GSIMJYvIfg=
",Photo of smiling pilot in cockpit.
office_caucasian_female_young,"https://thumbs.dreamstime.com/b/young-caucasian-woman-working-office-depressed-worry-distress-crying-angry-afraid-sad-expression-235687614.jpg
",Photo of person at a cluttered desk looking thoughtful.
car_caucasian_female_young,"https://c8.alamy.com/comp/H8PT3E/one-white-blond-attractive-young-woman-drives-a-car-H8PT3E.jpg
",Photo of woman driving a car.
roadside_caucasian_female_young,"https://thumb9.shutterstock.com/image-photo/stock-photo-image-of-pretty-businesswoman-looking-at-camera-on-natural-space-450w-183528716.jpg
",Photo of woman standing on a forest road.
running_eastasian_female_young,"https://t1.thpservices.com/previewimage/gallil/3fe7b73245cbd2efb68ac4384fff1787/alf-107593471.jpg
",Photo of woman jogging in an urban area.
shopping_indian_female_old,"https://c8.alamy.com/comp/2DA4D3N/beautiful-indian-woman-holding-shopping-bags-and-smiling-2DA4D3N.jpg
",Photo of woman holding shopping bags.
photographer_hispanic_female_young,"https://www.flashbay.com.hk/images/blog/Ideas/photography-marketing.jpg
",Photo of a woman using a camera outdoors.
roadside_hispanic_female_young,"https://thumbs.dreamstime.com/b/mujer-joven-sonriente-que-se-inclina-contra-una-pared-en-la-ciudad-84034221.jpg
",Photo of smiling woman leaning against wall.
computer_hispanic_female_old,"https://images.macg.co/2018/10/macgpic-1538390978-40797135679489-accroche.jpg
",Photo of elderly woman using a computer.
shopping_caucasian_female_old,"https://image.shutterstock.com/image-photo/portrait-senior-woman-outdoor-260nw-114398365.jpg
",Photo of a smiling elderly woman with arms crossed.
bench_hispanic_male_young,"https://media.istockphoto.com/photos/relaxing-in-park-picture-id962061262?k=20&m=962061262&s=612x612&w=0&h=hkW2VpJWcwj8sZPt83Ll4L-HoAimco8WXwxW559mGW4=
",Photo of man sitting on park bench using phone.
garden_hispanic_female_young,"http://cdn2.peopleimages.com/picture/2016/1316796-the-best-days-end-in-dirty-clothes-fit_400_400.jpg
",Photo of person gardening outdoors.
computer_caucasian_male_old,"https://thumbs.dreamstime.com/b/happy-senior-using-his-laptop-23785091.jpg
",Photo of smiling man using laptop.
kitchen_black_male_young,"https://thumb101.shutterstock.com/image-photo/stock-photo-african-american-male-chef-wearing-an-apron-in-a-home-or-restaurant-kitchen-he-is-trying-to-450w-352873067.jpg
",Photo of a man standing in kitchen with pots.
car_black_male_young,"https://thumb1.shutterstock.com/image-photo/stock-photo-african-american-businessman-driving-to-work-450w-129699314.jpg
",Photo of man driving a car.
car_hispanic_female_old,"https://img.freepik.com/vrije-photo/senior-vrouw-die-met-de-auto-reist_23-2149034760.jpg?size=626&ext=jpg
",Photo of elderly woman driving a car.
fashion_show_eastasian_male_young,"https://i2.wp.com/hoaigiangshop.com/wp-content/uploads/2017/08/ao-dai-nam-cach-tan-den-sang-trong-voi-hoa-tiet-do-2.jpg?w=1020&
",Photo of model in traditional-inspired attire.
kitchen_indian_male_young,"https://img3.stockfresh.com/files/d/dolgachov/m/38/8546972_stock-photo-man-with-frying-pan-cooking-food-at-home-kitchen.jpg
",Photo of man cooking in a kitchen.
fashion_show_eastasian_female_young,"https://i.insider.com/5be4f0b448eb123f61152fd2?width=600&format=jpeg&auto=webp
",Photo of model on runway with elaborate costume.
doctor_black_female_young,"https://media.istockphoto.com/photos/portrait-of-a-confident-young-female-doctor-at-work-picture-id1267013330?k=20&m=1267013330&s=170667a&w=0&h=q2ANB4fUZGUpUv0dUDMcBjawwarBljboM4WZfT3zOTk=
",Photo of a smiling woman in medical attire.
gym_indian_female_old,"https://images.picxy.com/cache/2020/7/11/2a817720bee8eedca91c3798f139e8c3.jpg
",Photo of a senior woman with dumbbell and water bottle.
pilot_black_male_young,"https://media.istockphoto.com/photos/portrait-of-pilot-in-front-of-airplane-picture-id1166394118?k=20&m=1166394118&s=612x612&w=0&h=c7ogUYXUqXaDHhoNHDZptjifvjR6JMFI_AviLH54he8=
",Photo of smiling pilot in front of aircraft.
singer_indian_female_young,"https://thumbs.dreamstime.com/x/singing-prayer-10976830.jpg
",Photo of woman singing into microphone.
computer_eastasian_female_old,"https://thumbs.dreamstime.com/b/chinese-older-women-working-front-laptop-225494267.jpg
",Photo of a woman working on a laptop.
construction_eastasian_male_young,"https://t.pimg.jp/001/116/754/1/1116754.jpg
",Photo of a construction worker with plans
bench_indian_male_old,"https://c8.alamy.com/comp/ED4BW2/indian-old-man-park-laptop-and-talking-phone-ED4BW2.jpg
",Photo of man with laptop talking on phone outdoors.
fashion_show_black_male_young,"https://i.pinimg.com/236x/ac/ac/cf/acaccfb03b7d0a8c5088bb36fc96ec53--african-men-fashion-luxury-living.jpg
",Photo of a male model on runway.
running_black_male_young,"https://thumbs.dreamstime.com/z/full-body-portrait-healthy-young-black-man-running-outside-street-healthy-young-black-man-running-outside-street-140964795.jpg
",Photo of man jogging outside.
drinking_water_caucasian_male_young,"https://cdn-ami-drupal.heartyhosting.com/sites/muscleandfitness.com/files/styles/full_node_image_1090x614/public/Water_6.jpg?itok=haWJahBH
",Photo of man drinking water from bottle.
photographer_black_female_young,"https://static1.bigstockphoto.com/9/8/1/large2/189991690.jpg
",Photo of woman reviewing images on camera.
doctor_black_female_young,"https://c8.alamy.com/comp/PXR2X9/happy-african-medical-intern-doctor-on-studio-white-PXR2X9.jpg
",Photo of a smiling female healthcare professional.
sports_eastasian_female_old,"https://cdn.plus.amanaimages.com/uploads/items/028/897/95/preview/FYI02889795.jpg
",Photo of smiling woman with tennis racket.
sports_indian_female_old,"https://static1.bigstockphoto.com/5/2/4/large2/425497250.jpg
",Photo of senior woman with tennis racket on court.
pilot_indian_male_young,"https://qph.cf2.quoracdn.net/main-qimg-1c1eecee50bd1ea80a81cbbf24e6bfc9.webp
",Photo of a pilot in front of aircraft.
gym_eastasian_male_old,"https://thumbs.dreamstime.com/t/homem-envelhecido-que-exercita-com-m%C3%A1quina-do-peso-107678506.jpg
",Photo of elderly person using gym equipment.
gym_hispanic_female_old,"https://static3.bigstockphoto.com/thumbs/5/3/1/large2/135412352.jpg
",Photo of a smiling senior woman exercising with dumbbells.
roadside_black_female_young,"https://thumbs.dreamstime.com/z/smiling-young-black-woman-standing-outside-summer-side-portrait-85965879.jpg
",Photo of smiling woman outdoors in striped top.
office_black_male_old,"https://thumbs.dreamstime.com/b/discontented-senior-black-businessman-reading-business-papers-sitting-workplace-working-laptop-computer-indoors-man-doing-238432529.jpg
",Photo of man reviewing document at desk.
gun_range_black_female_young,"https://i.guim.co.uk/img/media/27d444b901e0cced27be556ac84006e7691fab73/0_331_4962_2977/master/4962.jpg?width=700&quality=85&auto=format&fit=max&s=5f39e7bc7cab33cbe7dd66ecae140da5
",Photo of person aiming toy gun.
gym_black_female_old,"https://media.istockphoto.com/photos/senior-african-american-woman-at-gym-lifting-weights-picture-id532189021?k=20&m=532189021&s=170667a&w=0&h=q9eX73tSngQKxfA87WYAi77U0fBV45TFLmtFViDpyGA=
",Photo of woman lifting weights at gym.
office_eastasian_male_young,"https://media.istockphoto.com/photos/japanese-male-businessman-working-from-home-in-plain-clothes-picture-id1275712505?k=20&m=1275712505&s=612x612&w=0&h=ryR0-92Hwgb-vP_oTEECysmquf7Tk1omPVKbh5-z8zw=
",Photo of man using laptop and smartphone.
bench_black_male_old,"https://static.greatbigcanvas.com/images/singlecanvas_thick_none/trigger-image/an-elderly-man-sits-on-a-park-bench-with-his-dog-on-his-lap,1937094.jpg
",Photo of man and dog sitting on bench.
office_black_male_young,"https://img.freepik.com/free-photo/portrait-handsome-african-black-young-business-man-working-laptop-office-desk_231208-680.jpg?w=360
",Photo of a smiling professional at a laptop.
kitchen_indian_female_old,"https://c8.alamy.com/comp/W768X7/old-woman-cooking-food-in-kitchen-W768X7.jpg
",Photo of person cooking with a pot and stove.
lab_black_female_young,"https://lagosbooksclub.files.wordpress.com/2013/11/research-1.jpg?w=264&
",Photo of person conducting a chemistry experiment.
construction_hispanic_female_young,"https://t1.thpservices.com/previewimage/gallil/388f2f64f3384833ade019b9eb02e421/dpi-12571974.jpg
",Photo of a smiling construction worker with equipment.
soldier_eastasian_male_young,"https://c8.alamy.com/comp/D78RB0/portrait-of-man-in-military-uniform-studio-shot-D78RB0.jpg
",Photo of person in camouflage military attire.
car_caucasian_male_old,"https://www.helpguide.org/wp-content/uploads/older-man-driving.jpg
",Photo of elderly man driving a car.
kitchen_eastasian_female_old,"https://thumbs.dreamstime.com/b/portrait-happy-senior-elderly-asian-grandmother-standing-cooking-meal-kitchen-old-women-prepare-dinner-hobby-lifestyle-171471179.jpg
",Photo of a smiling woman preparing salad.
bench_caucasian_male_old,"https://i.pinimg.com/originals/67/2c/19/672c19bb0d1b551578a5f4a1795cbfe6.jpg
",Photo of elderly man sitting on park bench
sports_black_male_young,"https://media.istockphoto.com/photos/handsome-african-basketball-player-picture-id1167584877?k=20&m=1167584877&s=612x612&w=0&h=YAeVZr_60wM5PfCihhXTu1oY-dj2yIaSVmDpF44XJp0=
",Photo of person holding basketball outdoors.
bench_hispanic_male_young,"https://img.freepik.com/free-photo/man-sitting-bench-working-laptop_23-2147891933.jpg?w=2000
",Photo of man working on laptop outdoors.
shopping_indian_male_young,"https://thumbs.dreamstime.com/b/fashionable-indian-guy-white-shirt-jacket-posed-mall-asian-man-shopping-229152597.jpg
",Photo of man walking in shopping mall
pilot_black_female_young,"https://media.istockphoto.com/photos/african-american-woman-flying-a-private-plane-picture-id96188870?k=20&m=96188870&s=612x612&w=0&h=BOXdUYBT-XBjHNm9yU0FmBDdRPm_40DpcwKjjREA0rk=
",Photo of smiling woman with small airplane.
gym_caucasian_female_young,"https://img.freepik.com/premium-photo/fitness-woman-split-workout-training-white-background-indoors-young-slim-girl-makes-exercise-gym-healthy-lifestyle-gymnastics-concept-copy-space_116547-11226.jpg?w=2000
",Photo of person practicing yoga indoors
doctor_eastasian_female_young,"https://img.freepik.com/premium-photo/young-chinese-doctor-woman-being-shocked-due-imminent-danger_1187-61955.jpg?w=2000
",Photo of a cheerful healthcare professional dancing.
doctor_black_male_young,"https://img.freepik.com/premium-photo/portrait-african-american-young-man-doctor-with-stethoscope-looking-camera-smiling-cheerfully-handsome-male-physician-smile-medic-white-gown-indoors_153977-1999.jpg?w=2000
",Photo of smiling man with stethoscope.
kitchen_indian_female_old,"https://media.istockphoto.com/photos/real-people-from-rural-india-senior-woman-cooking-traditional-food-picture-id166110147?k=6&m=166110147&s=170667a&w=0&h=29zaYKjlpZIH_16sD56pFmUt9_G0mqhrlrDayB-hT64=
",Photo of woman cooking over a traditional stove.
gym_hispanic_female_young,"https://previews.123rf.com/images/dimarik16/dimarik161611/dimarik16161100526/67919794-latino-girl-after-workout-at-gym-young-woman-with-ball.jpg
",Photo of a woman in fitness attire.
computer_black_female_young,"https://thumbs.dreamstime.com/z/african-woman-laptop-computer-office-business-education-people-concept-young-african-american-woman-laptop-112509039.jpg
",Photo of a person working at a laptop.
kitchen_eastasian_female_young,"https://img.freepik.com/premium-photo/young-asian-woman-cleaning-kitchen-after-cookingxa_296537-7211.jpg?w=2000
",Photo of woman cleaning kitchen countertop.
gym_eastasian_male_old,"https://i.pinimg.com/originals/92/3f/10/923f10e50b31675fbe11834f8c788348.jpg
",Photo of person stretching at gym
shopping_black_female_old,"https://static2.bigstockphoto.com/4/2/4/large2/424419824.jpg
",Photo of stylish senior woman with shopping bags and card.
car_eastasian_female_old,"https://d2n4wb9orp1vta.cloudfront.net/cms/brand/ABG/evergreen-images/elderly-japanese-driver-g.png;maxWidth=385;width=150
",Photo of smiling elderly woman driving a car.
computer_black_male_young,"https://img.freepik.com/free-photo/portrait-handsome-african-black-young-business-man-working-laptop-office-desk_231208-680.jpg?w=360
",Photo of smiling businessman at laptop.
office_indian_male_young,"https://c8.alamy.com/comp/2H75E33/young-indian-eastern-business-man-using-laptop-working-in-office-2H75E33.jpg
",Photo of person working on laptop.
car_eastasian_female_young,"https://cdn.xxl.thumbs.canstockphoto.com/canstock50064359.jpg
",Photo of woman sitting in a convertible car.
forest_indian_male_young,"https://thumbs.dreamstime.com/b/happy-indian-man-backpack-hiking-forest-travel-tourism-hike-people-concept-154889921.jpg
",Photo of a smiling hiker with sunglasses in forest.
car_black_female_young,"https://previews.123rf.com/images/michaeljung/michaeljung1410/michaeljung141000101/32517892-beautiful-young-african-woman-driving-a-car.jpg
",Photo of smiling person driving a car.
soldier_eastasian_female_young,"https://i.pinimg.com/originals/66/da/fe/66dafee8e6a102eed3da1df641171e3b.jpg
",Photo of a woman standing in a field
pilot_indian_female_young,"https://images.hindustantimes.com/rf/image_size_630x354/HT/p2/2021/01/08/Pictures/_71befa82-51af-11eb-8a3c-8a727805186f.jpg
",Photo of pilot in aircraft cockpit.
drinking_water_eastasian_female_young,"https://previews.123rf.com/images/jillwt/jillwt1307/jillwt130700137/20850386-top-length-asia-young-girl-drink-water-from-plastic-bottle-on-natural-park.jpg
",Photo of person drinking water outdoors.
sports_eastasian_female_young,"https://cdn.plus.amanaimages.com/uploads/items/031/493/54/thumb/FYI03149354.jpg
",Photo of person playing volleyball indoors.
yatch_black_female_young,"https://media.istockphoto.com/photos/who-needs-wifi-when-theres-this-picture-id1150493424?k=20&m=1150493424&s=612x612&w=0&h=D5g2XAm0mVZ189pwlQ5LiCw9edO9U4ObbhNW2QKTxxQ=
",Photo of people enjoying a boat ride.
car_black_female_old,"https://media.istockphoto.com/photos/young-black-woman-driving-car-for-rideshare-picture-id1159637659?k=20&m=1159637659&s=612x612&w=0&h=ZIj4iityYpbQvxhB8LEyoAff0NOkXCIwKvsZnvx8_1Y=
",Photo of woman driving with passengers in car.
shopping_caucasian_female_young,"https://img.freepik.com/premium-photo/sale-fashion-consumerism-people-concept-happy-young-woman-with-shopping-bags-choosing-clothes-mall-clothing-store_146671-8433.jpg
",Photo of woman shopping for clothes in store.
singer_eastasian_male_young,"https://www.fluentu.com/chinese/blog/wp-content/uploads/2016/02/famous-chinese-singers9.jpg
",Photo of man performing on stage.
car_black_female_young,"https://thumbs.dreamstime.com/b/side-portrait-young-african-woman-driving-car-112577276.jpg
",Photo of woman smiling while driving car.
car_black_male_old,"https://c8.alamy.com/comp/D2XGDC/smiling-older-man-driving-convertible-D2XGDC.jpg
",Photo of smiling man in vintage car.
hotel_eastasian_female_young,"https://thumbs.dreamstime.com/b/camera-di-albergo-3551599.jpg
",Photo of person sitting on bed with laptop.
car_indian_male_young,"https://thumbs.dreamstime.com/b/portrait-young-indian-business-man-driving-car-portrait-young-indian-business-man-driving-car-155582802.jpg
",Photo of a man driving a car.
drinking_water_eastasian_male_young,"https://nelture.com/media/wp-content/uploads/2017/03/%E5%BF%AB%E7%9C%A0%E3%81%AB%E3%81%A4%E3%81%AA%E3%81%8C%E3%82%8B%E6%B0%B4%E5%88%86%E8%A3%9C%E7%B5%A6%E7%BF%92%E6%85%A3%EF%BC%81%E4%BD%93%E3%81%AE%E6%B0%B4%E5%88%86%E4%B8%8D%E8%B6%B3%E3%82%92%E9%98%B2%E3%81%90%E3%82%B3%E3%83%84%E3%81%A8%E3%81%AF%EF%BC%9F1-300x200.jpg
",Photo of man drinking water.
lab_black_male_young,"https://media.istockphoto.com/photos/what-an-interesting-find-picture-id1188841151?k=20&m=1188841151&s=612x612&w=0&h=_mlwVSwzX5sGayJcpITGCjpxSTPWPMTcNud49Aj_taU=
",Photo of scientist using microscope.
pilot_eastasian_female_young,"https://onecms-res.cloudinary.com/image/upload/s--v2ko-Txf--/c_crop,h_843,w_1500,x_0,y_25/c_fill,g_auto,h_676,w_1200/f_auto,q_auto/v1/mediacorp/cna/image/2022/08/03/220116_018.jpg?itok=buUYDOzD
",Photo of a pilot before a fighter jet.
car_black_female_old,"https://media.istockphoto.com/photos/portrait-of-a-senior-woman-driving-a-car-picture-id1162966466?k=20&m=1162966466&s=612x612&w=0&h=YZhSmRLi0OG-Gndcc-vReZrfycmkKhJJQucV-ZtN5p4=
",Photo of smiling woman driving a car.
car_black_female_old,"https://media.istockphoto.com/id/1163427660/video/portrait-of-a-senior-woman-driving-a-car.jpg?s=640x640&k=20&c=MQugyetlgZD3H1VGt8ur0q_Cg84Yz4pYjaN0Vy1t8Ys=
",Photo of a smiling woman driving a car.
construction_caucasian_male_young,"https://c8.alamy.com/comp/R41RM1/smart-male-engineer-posing-over-white-R41RM1.jpg
",Photo of a man wearing a hard hat and smiling.
bench_caucasian_male_young,"https://static3.bigstockphoto.com/thumbs/5/3/5/large2/53560828.jpg
",Photo of person resting on a park bench.
singer_caucasian_female_young,"https://c8.alamy.com/comp/CYF6E1/beautiful-young-blonde-female-singer-performing-with-a-microphone-CYF6E1.jpg
",Photo of a smiling woman with microphone.
office_black_male_young,"https://image.shutterstock.com/image-photo/attractive-friendly-african-american-guy-260nw-1931960585.jpg
",Photo of smiling man working on laptop.
forest_indian_male_young,"https://akm-img-a-in.tosshub.com/indiatoday/images/bodyeditor/201808/jadav-647x499.jpg?VCE29UxbeCzCbfNOhkDfOEEM45Mhd54_
",Photo of man examining plants in forest.
construction_hispanic_female_young,"https://media.istockphoto.com/photos/female-engineeer-construction-job-site-framed-building-picture-id538175508?k=20&m=538175508&s=612x612&w=0&h=566RFxoSYuOL9LxGQ0IbjysvQsIds9Z9SbFg3DNgucA=
",Photo of a woman at construction site with plans.
fashion_show_indian_male_young,"https://i.pinimg.com/236x/c9/02/b3/c902b34771ac7e570ce1f3f65a81ff70.jpg
",Photo of a male model on the runway.
hotel_caucasian_female_young,"http://2.bp.blogspot.com/-GSqmNZ6zuwc/VYzB6RtXOxI/AAAAAAAABlI/6tmhfkumU_0/s1600/DSC_0746.jpg
",Photo of a smiling woman sitting on a bed.
running_hispanic_male_young,"https://media.istockphoto.com/photos/confident-male-athlete-jogging-on-sidewalk-in-city-picture-id1136404575?k=20&m=1136404575&s=612x612&w=0&h=1cy7cZoFx-VpqRchAPPMYTOFd_lJHc5PocdSRAUmMeU=
",Photo of man jogging in urban setting.
car_black_female_young,"https://www.bankrate.com/2021/03/04113802/car-24-year-old-featured.jpg?auto=webp&optimize=high&crop=16:9
",Photo of woman driving a car.
sports_caucasian_female_old,"https://thumbs.dreamstime.com/z/abuelita-del-f%C3%BAtbol-42442734.jpg
",Photo of a smiling woman holding a soccer ball.
construction_caucasian_male_young,"https://thumbs.dreamstime.com/z/portrait-industrial-engineer-standing-construction-site-holding-papers-american-man-wearing-white-helmet-work-jumpsuit-201149203.jpg
",Photo of a worker with clipboard and hardhat.
computer_hispanic_female_old,"https://thumbs.dreamstime.com/b/senior-hispanic-woman-using-laptop-home-office-54948776.jpg
",Photo of smiling woman using laptop.
gym_indian_female_old,"https://images.hindustantimes.com/rf/image_size_960x540/HT/p2/2018/04/27/Pictures/_c3310798-49e7-11e8-b98f-44ca1ff8ed36.jpg
",Photo of a person using gym equipment.
office_black_female_young,"https://d2gg9evh47fn9z.cloudfront.net/800px_COLOURBOX27169742.jpg
","Photo of woman talking on phone, gesturing."
singer_hispanic_female_young,"https://media.istockphoto.com/photos/latin-american-and-hispanic-ethnicity-female-guitarist-in-front-of-picture-id1224484771?k=20&m=1224484771&s=612x612&w=0&h=a3hCylsQTz7XGk_NT1iTo1QVZ3a7RuLGdoOeKHYklk8=
",Photo of woman singing with guitar.
fashion_show_indian_male_young,"https://i.pinimg.com/236x/ba/0a/20/ba0a20483a8927116c635c9a9db7202a--indian-man-indian-groom.jpg
",Photo of a model on the runway.
kitchen_indian_female_young,"https://previews.123rf.com/images/snowwhiteimages/snowwhiteimages1404/snowwhiteimages140401271/27988815-young-indian-woman-cooking-in-her-kitchen.jpg
",Photo of woman with laptop cooking in kitchen
office_indian_female_young,"https://thumbs.dreamstime.com/z/happy-indian-young-woman-using-laptop-computer-work-study-home-office-adult-wearing-glasses-pc-working-studying-sitting-table-192390495.jpg
",Photo of smiling woman using laptop.
sports_indian_female_young,"https://www.kreedon.com/wp-content/uploads/2021/11/a3fa3-16217689530123-800-300x215.jpg
",Photo of athlete displaying a medal.
gym_eastasian_male_old,"https://media.istockphoto.com/photos/senior-man-push-up-in-fitness-gym-picture-id1074060452?k=20&m=1074060452&s=612x612&w=0&h=wV15Bq2qjFu_h-Aqg9jsyuPYoLF29g38c39TL-JKaJs=
",Photo of a man doing push-ups smiling.
gun_range_black_male_young,"https://media-cldnry.s-nbcnews.com/image/upload/t_fit-1500w,f_auto,q_auto:best/MSNBC/Components/Video/201708/d_ov_afam_guns_170508.jpg
",Photo of a person aiming a rifle outdoors.
computer_eastasian_male_old,"https://thumbs.dreamstime.com/z/senior-japanese-man-using-computer-looking-confused-studio-shot-white-background-62374774.jpg
",Photo of man with laptop gesturing confusion.
soldier_eastasian_male_young,"https://ssl.c.photoshelter.com/img-get/I0000ZDme8AeURNE/t/200/I0000ZDme8AeURNE.jpg
",Photo of a soldier standing at attention.
shopping_caucasian_male_old,"https://c8.alamy.com/comp/FD7P4X/elderly-man-shopping-at-grocery-store-FD7P4X.jpg
",Photo of person shopping in a grocery store.
forest_hispanic_male_young,"https://thumbs.dreamstime.com/b/hispanic-man-hiking-forest-218562337.jpg
",Photo of man enjoying a tropical forest setting.
forest_eastasian_male_young,"https://thumbs.dreamstime.com/b/wycieczkowa%C4%87-selfie-z-smartphone-pokolenia-y-nastolatkiem-w-lesie-76972294.jpg
",Photo of man taking selfie in forest.
kitchen_eastasian_male_young,"https://ak.picdn.net/shutterstock/videos/1029682454/thumb/2.jpg?ip=x480
",Photo of a man preparing food in kitchen.
fashion_show_hispanic_female_young,"https://thumbs.dreamstime.com/z/%D0%BC%D0%BE%D0%B4%D0%BD%D1%8B%D0%B9-%D0%BF%D0%B0%D1%80%D0%B0%D0%B4-6864069.jpg
",Photo of model on fashion runway.
car_hispanic_male_old,"https://images.liebenswert-magazin.de/fahrtauglichkeitstests-fuer-,id=9354eb90,b=liebenswert,w=380,ca=0,12.45,100,87.55,rm=sk.jpeg
",Photo of smiling elderly man driving.
gym_black_male_old,"https://image.shutterstock.com/image-photo/senior-man-doing-situps-on-260nw-111908930.jpg
",Photo of man doing abdominal exercise.
computer_eastasian_male_old,"https://thumbs.dreamstime.com/b/asian-senior-business-man-working-online-modern-laptop-computer-looking-screen-remote-studying-old-businessman-218974855.jpg
",Photo of a man working on a laptop
roadside_eastasian_female_young,"https://as1.ftcdn.net/jpg/01/32/18/40/500_F_132184009_JQLAjTWIwGRelg8W4xmIAg0JzDk8FujP.jpg
",Photo of a smiling woman outdoors.
shopping_eastasian_female_young,"https://i0.wp.com/post.healthline.com/wp-content/uploads/2019/11/Young-woman-shopping-in-a-vintage-clothing-store-1296x728-header-1296x728.jpg?w=1155&h=1528
",Photo of woman browsing clothes in a shop.
gym_caucasian_male_young,"https://img.freepik.com/free-photo/young-man-doing-exercises-working-hard-gym-enjoying-his-training-process_627829-8754.jpg
",Photo of person lifting weights in gym.
hotel_indian_female_young,"https://thumbs.dreamstime.com/z/woman-relaxing-hotel-room-sensual-62001207.jpg
",Photo of a relaxed woman sitting on a bed.
gym_black_female_old,"https://images.everydayhealth.com/images/what-is-zumba-1440x810.jpg?sfvrsn=9a49c445_1
",Photo of woman smiling during a workout.
lab_black_female_young,"https://thumbs.dreamstime.com/b/young-black-chemist-working-lab-140061639.jpg
",Photo of scientist using microscope in laboratory.
garden_indian_male_young,"https://thumbs.dreamstime.com/z/male-indian-gardener-male-indian-gardener-adding-fertilizer-to-potted-money-plant-lying-balcony-residential-105876096.jpg
",Photo of person gardening outdoors.
office_caucasian_female_old,"https://thumbs.dreamstime.com/b/happy-mature-middle-aged-woman-laughing-sitting-workplace-laptop-stylish-business-wearing-glasses-desk-cheerful-positive-196803073.jpg
",Photo of smiling woman with laptop and coffee cup.
construction_caucasian_male_young,"https://media.istockphoto.com/photos/caucasian-male-building-contractor-standing-in-front-of-white-jeans-picture-id1221299491?k=20&m=1221299491&s=612x612&w=0&h=QSC3r9PX0Jm5hRHn0rml4hTUSxoI5UYVAV8_eSPE2j0=
",Photo of smiling construction worker using smartphone.
computer_black_female_old,"https://thumbs.dreamstime.com/z/portrait-elderly-african-american-woman-her-computer-working-84078781.jpg
",Photo of a senior woman using laptop.
office_eastasian_female_young,"https://previews.123rf.com/images/zhudifeng/zhudifeng1703/zhudifeng170300357/73177369-young-pretty-chinese-woman-working-with-laptop-in-office.jpg
",Photo of a woman using laptop and smartphone.
garden_eastasian_female_young,"https://c8.alamy.com/comp/2JG5T25/japanese-woman-gardening-2JG5T25.jpg
",Photo of woman smiling with potted plant.
running_hispanic_male_young,"https://static3.bigstockphoto.com/thumbs/0/0/1/large2/100022915.jpg
",Photo of a man running in urban setting.
pilot_black_male_young,"https://c8.alamy.com/comp/T43GX6/april-2019-a-young-airline-pilot-with-an-african-dred-hairstyle-and-flight-bag-on-wheels-T43GX6.jpg
",Photo of a pilot with luggage.
singer_caucasian_female_young,"https://previews.123rf.com/images/irkusnya/irkusnya1002/irkusnya100200051/6403031-rock-singer-pretty-girl-singing-into-microphone-young-female-singer-with-blond-hair-singing-a-song-w.jpg
",Photo of person singing into microphone.
construction_eastasian_female_young,"https://previews.123rf.com/images/kasipat/kasipat1801/kasipat180100269/94751308-two-asian-female-engineers-working-on-a-building-construction-site.jpg
",Photo of a construction worker pointing.
computer_eastasian_female_young,"https://media.istockphoto.com/photos/smiling-young-asian-businesswoman-standing-picture-id1327765791?k=20&m=1327765791&s=170667a&w=0&h=HIAwUFiac5lMaEZcyI6ScL0zUDs3Nu5e6Mf6_kKW-dw=
","Photo of woman holding laptop, smiling."
photographer_hispanic_female_young,"https://t1.ftcdn.net/jpg/00/43/26/16/400_F_43261609_HbErJzmWpS7wq1EFNwxDvuC1B2SULfaT.jpg
",Photo of smiling woman holding camera.
yatch_eastasian_female_young,"https://us.123rf.com/450wm/narongritsr/narongritsr1912/narongritsr191200016/135381198-beautiful-asian-woman-with-two-pieces-swimming-suit-or-bikini-sit-on-bow-of-yacht-and-look-relax-dur.jpg?ver=6
",Photo of woman relaxing on yacht deck.
shopping_eastasian_male_young,"https://thumbs.dreamstime.com/b/young-asian-man-shopping-bag-mall-wearing-medical-mask-prevention-coronavirus-covid-pandemic-new-normal-his-187194566.jpg
",Photo of person with face mask holding shopping bags.
construction_hispanic_female_young,"https://c8.alamy.com/comp/2D9XD60/beautiful-hispanic-woman-architect-showing-black-space-on-clipboard-serious-face-thinking-about-question-with-hand-on-chin-thoughtful-about-confusing-2D9XD60.jpg
",Photo of a pensive woman holding a clipboard.
computer_caucasian_male_old,"https://image.shutterstock.com/image-photo/elderly-man-white-hair-glasses-260nw-1747380767.jpg
",Photo of elder man working on laptop.
bench_caucasian_male_young,"https://t1.ftcdn.net/jpg/00/50/69/44/400_F_50694408_sjX1F8AHxB7aHkFMQAxBe8edTHgSUOcD.jpg
",Photo of a man sitting on a park bench.
shopping_indian_female_young,"https://thumb7.shutterstock.com/image-photo/stock-photo-cheerful-young-woman-with-shopping-bags-over-white-background-450w-131296931.jpg
",Photo of person carrying shopping bags.
pilot_indian_male_young,"https://i.insider.com/5dd7b7c8fd9db251385b9505?width=1136&format=jpeg
",Photo of person in pilot uniform standing.
hotel_eastasian_male_young,"https://media.istockphoto.com/photos/modern-businessman-using-laptop-picture-id901190064?k=20&m=901190064&s=612x612&w=0&h=30Oqz5rHHllLkHafPAPQHOE5b5XEiqkZdCMg6E3C7cE=
",Photo of a smiling man using a laptop.
construction_hispanic_female_young,"https://image.shutterstock.com/image-photo/serious-woman-construction-worker-home-260nw-147542891.jpg
",Photo of a woman wearing safety helmet and glasses.
kitchen_caucasian_female_old,"https://thumbs.dreamstime.com/z/happy-senior-woman-baking-bright-modern-kitchen-eighty-year-old-wearing-red-polka-dot-apron-treats-189865253.jpg
",Photo of woman baking in kitchen.
gym_hispanic_male_old,"https://thumbs.dreamstime.com/b/%C3%A4lterer-mann-anhebende-gewichte-6641317.jpg
",Photo of a smiling senior man exercising with dumbbells.
roadside_caucasian_female_young,"https://as1.ftcdn.net/v2/jpg/04/88/87/00/1000_F_488870027_i7By87ajmnYzX1wDG2Ht0Kayq6Md7Snr.jpg
",Photo of a woman on phone near car.
doctor_hispanic_female_young,"https://i.pinimg.com/474x/d1/a9/78/d1a978800cb46f23f379efc6f8fb3b0e.jpg
",Photo of a woman in medical attire with stethoscope.
computer_caucasian_female_young,"https://thumbs.dreamstime.com/z/young-white-woman-working-office-using-computer-close-up-young-white-woman-working-office-using-computer-close-up-99962906.jpg
",Photo of woman working on computer in office.
roadside_hispanic_male_young,"https://thumb1.shutterstock.com/image-photo/stock-photo-handsome-young-man-posing-on-a-road-over-picturesque-landscape-450w-136305020.jpg
",Photo of person outdoors near road.
shopping_caucasian_female_young,"https://media.istockphoto.com/photos/woman-enjoying-the-day-in-the-shopping-mall-picture-id620972986?k=20&m=620972986&s=612x612&w=0&h=pMS-L5-fxFDCleRcx5VgguSPfJVGjdZCYiaLfLy5t0I=
",Photo of smiling shopper with phone and bags.
doctor_eastasian_female_young,"https://media.istockphoto.com/photos/asian-female-doctor-picture-id176991556?k=20&m=176991556&s=612x612&w=0&h=pBziCz3zuZ4cmeHL-PdjsiV61bjVFHhydN94RgcHu5g=
",Photo of a smiling healthcare professional
pilot_black_female_young,"https://kayafm.co.za/wp-content/uploads/2019/06/Asnath-Mahapa_.jpg
",Photo of a woman in pilot uniform.
bench_eastasian_female_old,"https://previews.123rf.com/images/xiuxiu84/xiuxiu841810/xiuxiu84181000194/111542201-wuhan-china-sep-08-2018-old-asian-woman-sitting-on-the-old-chair-in-the-park-she-look-like-waiting-f.jpg
",Photo of an elderly woman sitting on bench
singer_caucasian_male_young,"https://previews.123rf.com/images/vadymvdrobot/vadymvdrobot1602/vadymvdrobot160201378/54537774-charismatic-young-male-singer-in-sunglasses-standing-and-singing-in-micophone-over-white-background.jpg
",Photo of man singing with microphone.
pilot_eastasian_female_young,"https://1.bp.blogspot.com/-WQghdkz5gGs/W4Krhl-7d3I/AAAAAAAANWc/fNbwe5mAzLkejKZvqOLxcccI-ab1rsIuwCLcBGAs/s1600/japan-first-female-fighter-pilot1.jpg
",Photo of a pilot in aircraft cockpit.
office_hispanic_female_young,"https://thumbs.dreamstime.com/b/hispanic-woman-working-home-office-women-55892872.jpg
",Photo of woman working at computer desk.
yatch_hispanic_female_young,"https://c8.alamy.com/comp/DG4GTD/a-beautiful-young-hispanic-woman-sits-on-a-sailboat-enjoying-an-evening-DG4GTD.jpg
",Photo of smiling woman on a sailboat.
computer_eastasian_female_young,"https://thumbs.dreamstime.com/z/smiling-young-asian-businesswoman-using-computer-working-online-home-office-workplace-happy-korean-employee-laptop-116517259.jpg
",Photo of person using laptop.
hotel_caucasian_male_young,"http://www.thebigchilli.com/uploads/1/2/2/0/12204015/listening-to-headspace_orig.jpg
",Photo of man using phone in hotel room.
car_black_female_young,"https://www.parents.com/thmb/YvUT_izb7BHMJCZ-g3BF6SRSjhM=/1777x1333/smart/filters:no_upscale()/GettyImages-1296130336-2000-2e0dcade77ec4c35bccaec9208ec86b7.jpg
",Photo of smiling driver and passenger in car.
gun_range_caucasian_male_young,"https://image.shutterstock.com/image-photo/man-doing-sport-shooting-gun-260nw-691405021.jpg
",Photo of man aiming a gun wearing protective gear.
kitchen_black_male_old,"https://media.istockphoto.com/photos/preparing-a-healthy-dinner-picture-id1342045739?k=20&m=1342045739&s=612x612&w=0&h=KYoDcUs-aB63znXdy2aZ-HxmxnZfPRRAMYCmTrzrdws=
",Photo of man chopping vegetables in kitchen.
forest_caucasian_male_young,"https://www.photocase.com/photos/3636418-man-sits-in-the-forest-in-front-of-a-tent-and-looks-back-into-the-camera-dot-photocase-stock-photo-large.jpeg
",Photo of man sitting by a tent in the woods.
doctor_indian_female_young,"https://st2.depositphotos.com/4158817/7637/i/950/depositphotos_76378733-stock-photo-happy-indian-female-doctor.jpg
",Photo of a smiling woman in medical attire.
singer_hispanic_male_young,"https://static1.disfrazzes.com/productos/miniaturas3/foto-91618-45.jpg
",Photo of man smiling in mariachi attire.
gym_caucasian_female_old,"https://t1.ftcdn.net/jpg/00/47/21/00/400_F_47210054_yHAA4EEVWEJ7b6wXTfirJZzvw9y5mMua.jpg
",Photo of woman using an exercise bike.
photographer_indian_female_young,"https://c7.alamy.com/comp/hyk2gd/trying-out-a-new-dslr-camera-hyk2gd.jpg
",Photo of person reviewing images on camera.
shopping_hispanic_male_young,"https://thumbs.dreamstime.com/b/young-hispanic-man-looking-clothes-shop-108975874.jpg
",Photo of man examining clothes in a store.
gym_caucasian_male_young,"https://dm0qx8t0i9gc9.cloudfront.net/thumbnails/video/r6uQGb9/videoblocks-strong-young-white-guy-training-at-home-handsome-hispanic-male-athlete-working-out-for-well-being-fitness-healthy-lifestyle-in-domestic-gym-latino-people-doing-high-knee-taps-exercise-for-sports_rqzpk0a0vv_thumbnail-1080_01.png
",Photo of man in grey sweatpants indoors.
hotel_black_female_young,"https://c8.alamy.com/comp/KYY32P/smiling-businesswoman-sitting-on-bed-in-hotel-room-KYY32P.jpg
",Photo of a smiling woman sitting on a bed.
garden_indian_male_young,"https://thumbs.dreamstime.com/z/male-indian-gardener-holding-potted-plant-lying-balcony-residential-apartment-delhi-india-adding-fertilizer-105875905.jpg
",Photo of person gardening with plants and soil.
shopping_hispanic_female_old,"https://thumbs.dreamstime.com/b/se%C3%B1ora-mayor-que-camina-con-un-carro-de-la-compra-comida-y-sonr%C3%ADe-en-c%C3%A1mara-tiro-integral-del-perfil-una-aislada-el-fondo-154287258.jpg
",Photo of a smiling woman with a grocery cart.
hotel_caucasian_female_young,"https://thumbs.dreamstime.com/b/young-pretty-brunette-woman-posing-luxury-hotel-room-interior-lifestyle-rich-people-concept-close-up-245227292.jpg
",Photo of a woman in a sequined dress.
sports_caucasian_male_old,"https://m.psecn.photoshelter.com/img-get/I0000WXRKM6._hZA/t/200/I0000WXRKM6._hZA.jpg
",Photo of a person playing tennis.
car_eastasian_female_old,"https://www.coisasdojapao.com/wp-content/uploads/2019/06/idosos-na-direcao-no-japao_opt.jpg
",Photo of woman fastening seatbelt in car.
fashion_show_hispanic_female_young,"https://i.pinimg.com/236x/99/48/22/9948226dafdedf09ff33e56b5c44f602--flamenco.jpg
",Photo of a model in traditional Spanish dress.
sports_black_female_young,"https://img.freepik.com/premium-photo/young-african-american-woman-playing-badminton-showing-number-two-with-fingers_1187-119171.jpg
",Photo of smiling person with tennis racket and peace sign.
pilot_indian_male_young,"https://pbs.twimg.com/profile_images/2249932028/Navi.jpg
",Photo of smiling pilot in cockpit giving thumbs up.
hotel_indian_male_young,"https://media.istockphoto.com/photos/young-asian-indian-businessman-working-on-laptop-in-cafeteria-picture-id174754036?k=6&m=174754036&s=170667a&w=0&h=uebgSv8fH7PRNcyhHBXKEfCFn3QdwsT9TPRr30UwjRQ=
",Photo of businessman working at cafe.
office_hispanic_male_young,"https://previews.123rf.com/images/antoniodiaz/antoniodiaz1605/antoniodiaz160500171/57811595-portrait-of-an-attractive-hispanic-young-man-doing-some-design-work-in-front-of-a-computer-in-a-cozy.jpg
",Photo of man smiling at his desk.
soldier_caucasian_female_young,"https://previews.123rf.com/images/kozorog/kozorog1702/kozorog170200004/71226794-the-girl-in-the-army-portrait-of-a-redheaded-young-woman-a-soldier-in-the-form-of-camouflage.jpg
",Photo of woman in military camouflage uniform.
bench_caucasian_male_young,"https://image.shutterstock.com/image-photo/young-man-sitting-on-park-600w-488218501.jpg
",Photo of smiling person sitting on park bench.
soldier_caucasian_female_young,"https://thumbs.dreamstime.com/t/serious-looking-servicewoman-copy-space-left-83206305.jpg
",Photo of person in military uniform.
pilot_hispanic_female_young,"https://media.istockphoto.com/photos/wide-angle-shot-of-a-cheerful-young-adult-female-pilot-and-flight-picture-id1330127294?k=20&m=1330127294&s=612x612&w=0&h=wmPxCbfQTu-G0nJPhtmi7WbAbQoGSy-CzOAg1xlrM_E=
",Photo of woman piloting an airplane.
roadside_hispanic_female_young,"https://thumb1.shutterstock.com/image-photo/stock-photo-young-carefree-woman-at-the-street-in-city-450w-86448316.jpg
","I'm sorry, I can't provide real-time or updated information about the content depicted in images."
roadside_caucasian_male_young,"https://thumb9.shutterstock.com/image-photo/stock-photo-portrait-of-an-businessman-outdoor-450w-110105612.jpg
",Photo of man in business attire outdoors.
kitchen_black_female_young,"https://image.shutterstock.com/image-photo/joyful-african-american-lady-mixing-260nw-1554490412.jpg
",Photo of woman cooking in kitchen.
yatch_caucasian_male_young,"https://thumb7.shutterstock.com/image-photo/stock-photo-photo-of-handsome-man-with-luxury-yacht-in-port-450w-387823921.jpg
",Photo of a man by yachts in sunlight.
office_hispanic_male_young,"https://thumbs.dreamstime.com/b/hispanic-man-working-home-office-men-54955588.jpg
",Photo of man talking on phone at desk.
singer_black_female_young,"https://previews.123rf.com/images/darrinhenry/darrinhenry1106/darrinhenry110600466/9747056-happy-beautiful-young-black-woman-singer-in-the-recording-studio-taking-a-relaxing-break-she-is-stan.jpg
",Photo of woman with microphone.
running_black_female_young,"https://thumbs.dreamstime.com/b/young-black-runner-girl-enjoying-outdoors-jogging-workout-attractive-fit-african-american-woman-running-countryside-road-190046953.jpg
",Photo of woman jogging outdoors.
forest_indian_female_young,"https://media.sciencephoto.com/image/p9800163/400wm
",Photo of woman carrying firewood on her head.
computer_black_female_young,"https://c8.alamy.com/comp/HPY7XD/side-view-of-successful-young-adult-black-woman-making-electronic-HPY7XD.jpg
",Photo of person using credit card and laptop.
computer_black_female_young,"https://previews.123rf.com/images/traimak/traimak1901/traimak190100942/115369446-concentrated-young-african-girl-working-on-laptop-computer-in-bright-office-busy-black-woman-program.jpg
",Photo of focused woman working on laptop
car_eastasian_female_old,"https://t4.ftcdn.net/jpg/03/07/55/41/240_F_307554150_AxO6pQLGcitvvYDxwB8ElqAmmKxyu7Vv.jpg
",Photo of an elderly woman driving a car.
soldier_caucasian_female_young,"https://img.freepik.com/free-photo/pretty-young-woman-dressed-american-ww2-military-uniform-with-m1-helmet_112793-360.jpg?size=338&ext=jpg
",Photo of woman in military helmet smiling.
soldier_indian_female_young,"https://i.pinimg.com/736x/bb/2c/19/bb2c1968fc1597781440544065ea5058.jpg
",Photo of person in military-style uniform.
gym_eastasian_male_young,"https://c8.alamy.com/comp/JMFKX1/young-chinese-man-exercising-at-gym-JMFKX1.jpg
",Photo of person exercising at the gym.
garden_hispanic_female_young,"https://media.istockphoto.com/photos/smiling-woman-digging-in-a-vegetable-box-with-a-trowel-picture-id1251362594?k=20&m=1251362594&s=612x612&w=0&h=6A-MouPkbOaUF3zZd9az0yQFbihcUtcnrexRmL1GAYY=
",Photo of a person gardening in overalls.
photographer_indian_female_young,"http://cdn.archinect.net/images/300x300/5d/5dltzxot54y6bw82.jpg
",Photo of woman focusing with a camera.
lab_caucasian_male_young,"https://thumbs.dreamstime.com/b/young-male-scientist-white-coat-protective-wear-analyzing-test-sample-glass-slide-doing-experiments-group-working-218684781.jpg
",Photo of scientist examining petri dish in laboratory
drinking_water_eastasian_female_young,"https://c8.alamy.com/comp/2GW26X2/young-asian-woman-drinking-water-from-water-bottle-after-her-morning-run-2GW26X2.jpg
",Photo of woman drinking water outdoors.
soldier_caucasian_male_young,"https://previews.123rf.com/images/gladkov/gladkov1311/gladkov131100025/23511612-full-body-side-view-of-young-army-soldier-standing-in-attention-isolated-on-white-background.jpg
",Photo of man in military camouflage attire.
bench_indian_female_old,"https://image.shutterstock.com/image-photo/calcutta-kolkata-indiajanuary-21-2019-260nw-1312657481.jpg
",Photo of a seated elderly woman smiling.
sports_caucasian_male_young,"https://thumbs.dreamstime.com/b/young-caucasian-soccer-football-player-training-isolated-white-background-jump-ball-man-male-red-blue-uniform-action-215586909.jpg
",Photo of a soccer player kicking ball.
doctor_indian_male_young,"https://thumbs.dreamstime.com/b/young-indian-male-doctor-surgeon-stethoscope-gray-background-handsome-young-indian-male-doctor-surgeon-198446348.jpg
",Photo of man in medical scrubs with stethoscope.
kitchen_eastasian_male_young,"https://thumbs.dreamstime.com/b/asian-man-cooking-fresh-healthy-vegetables-salad-for-dinner-home-kitchen-196419219.jpg
",Photo of person preparing food in kitchen.
kitchen_black_male_young,"https://thumbs.dreamstime.com/b/smiling-black-man-preparing-fresh-healthy-salad-kitchen-african-cooking-family-copy-space-162736731.jpg
",Photo of man smiling while preparing salad.
photographer_caucasian_female_young,"https://thumbs.dreamstime.com/b/young-woman-watching-photos-camera-23169648.jpg
",Photo of woman reviewing camera display.
bench_black_male_young,"https://c8.alamy.com/comp/2F9KCXF/young-african-american-man-sitting-on-a-park-bench-sending-a-message-concept-of-new-normal-high-quality-photo-2F9KCXF.jpg
",Photo of smiling man using smartphone on bench.
garden_caucasian_male_young,"https://c8.alamy.com/comp/DHEX36/senior-man-gardening-DHEX36.jpg
",Photo of man gardening outdoors.
sports_indian_female_young,"https://st.depositphotos.com/1778008/4220/i/380/depositphotos_42207387-stock-photo-young-female-playing-badminton.jpg
",Photo of female tennis player in action.
forest_caucasian_male_young,"https://img.freepik.com/premium-photo/hiker-man-hiking-forest-male-hiker-walking-forest-hiker-with-backpack-hiking-beautiful-forest-caucasian-male-model-outdoors-nature_265223-43531.jpg?w=2000
",Photo of man hiking in forest.
kitchen_indian_male_old,"https://c8.alamy.com/comp/W768JJ/mature-man-cooking-food-in-kitchen-W768JJ.jpg
",Photo of man cooking on stove.
photographer_indian_female_young,"https://thumb101.shutterstock.com/image-photo/stock-photo-portrait-of-a-female-photographer-with-digital-camera-450w-113423623.jpg
",Photo of a woman holding a camera lens.
computer_eastasian_male_old,"https://i.pinimg.com/originals/2b/be/67/2bbe677055936a80dd73a8eef5e9f5c2.jpg
",Photo of smiling man using a laptop.
bench_indian_female_old,"https://thumb1.shutterstock.com/image-photo/stock-photo-portrait-of-a-graceful-senior-indian-woman-senior-indian-woman-sitting-in-the-lawn-or-garden-450w-99115868.jpg
",Photo of elderly woman sitting outdoors.
garden_caucasian_female_young,"https://static3.bigstockphoto.com/thumbs/2/6/9/large2/96289772.jpg
",Photo of a woman watering plants in a greenhouse
pilot_black_female_young,"https://media.istockphoto.com/photos/portrait-of-airplane-pilot-in-a-hangar-and-looking-at-camera-picture-id1166295610?k=20&m=1166295610&s=612x612&w=0&h=c_7fVyeAwFdtc-_v3MdYT8Bs68dRIovg73mrLOOLaXA=
",Photo of a female pilot in uniform.
bench_eastasian_female_young,"https://thumbs.dreamstime.com/b/young-asian-woman-sitting-alone-public-bench-park-surrounded-nature-warm-sunlight-young-asian-woman-sitting-125973379.jpg
",Photo of woman sitting on park bench.
kitchen_caucasian_female_young,"https://previews.123rf.com/images/arnoaltix/arnoaltix1705/arnoaltix170500080/78076592-young-dark-haired-woman-cooking-in-a-white-kitchen.jpg
",Photo of woman cooking at kitchen stove.
kitchen_black_female_young,"https://thumbs.dreamstime.com/z/young-african-american-woman-cooking-kitchen-young-african-american-woman-cooking-kitchen-151105496.jpg
",Photo of woman preparing salad in kitchen.
doctor_indian_male_young,"https://media.istockphoto.com/photos/male-east-indian-doctor-portrait-stock-photo-picture-id1192129265?k=20&m=1192129265&s=612x612&w=0&h=bj2WP929Pcwr3v2ehpVnaE-QrSAiW846nZQb_rmcV0Q=
",Photo of a smiling doctor with stethoscope.
drinking_water_black_male_young,"https://c8.alamy.com/comp/JP8WTH/young-black-man-drinking-water-from-a-plastic-bottle-in-the-field-JP8WTH.jpg
",Photo of person drinking water from a bottle.
hotel_hispanic_male_young,"https://thumb9.shutterstock.com/image-photo/stock-photo-young-man-reading-book-and-relaxing-in-luxury-indoor-450w-17040352.jpg
",Photo of man sitting in elegant interior.
gun_range_indian_female_young,"https://static.india.com/wp-content/uploads/2014/09/shagun-chowdhary.jpg
",Photo of a female athlete aiming shotgun.
computer_indian_male_old,"https://thumbs.dreamstime.com/b/east-indian-man-computer-22441101.jpg
",Photo of senior man using laptop at table.
car_indian_male_young,"https://c8.alamy.com/comp/GG589P/happy-young-businessman-on-call-while-driving-car-GG589P.jpg
",Photo of man talking on phone in car.
car_black_male_old,"https://as1.ftcdn.net/v2/jpg/04/76/96/90/1000_F_476969077_YEAVDh9rMGNMlAamf5hEz0siykCXUEur.jpg
",Photo of a man driving a car.
kitchen_black_male_old,"https://static1.bigstockphoto.com/6/9/1/large2/196072036.jpg
",Photo of a man cooking in a kitchen.
photographer_hispanic_female_young,"https://thumbs.dreamstime.com/b/fotograf-der-t%C3%A4tigkeit-10939868.jpg
",Photo of person holding camera outdoors.
office_black_female_old,"https://media.istockphoto.com/photos/mature-woman-with-laptop-working-in-home-office-using-mobile-phone-picture-id1156463337?k=20&m=1156463337&s=612x612&w=0&h=i-Lg2W-66cbMLliUc9T6Comfk_SIelQdOERAzIlaYa0=
",Photo of a woman talking on phone at desk.
shopping_eastasian_male_young,"https://thumbs.dreamstime.com/z/asian-young-man-holding-shopping-bags-full-length-portrait-isolated-65423973.jpg
",Photo of person carrying shopping bags.
singer_eastasian_male_young,"https://img4.bdbphotos.com/images/230x300/u/y/uyh95xxlwwaxawxw.jpg?skj2io4l
",Photo of smiling person playing guitar.
yatch_eastasian_female_young,"https://image.shutterstock.com/image-photo/portrait-young-beautiful-asian-woman-260nw-2146885347.jpg
",Photo of woman relaxing on boat in scenic waters.
lab_hispanic_male_young,"https://c8.alamy.com/comp/2JK8E73/handsome-hispanic-man-working-as-scientific-at-laboratory-2JK8E73.jpg
",Photo of smiling scientist in laboratory.
gym_caucasian_female_young,"https://img.freepik.com/premium-photo/sport-fitness-young-adult-caucasian-woman-sitting-exercise-mat-concrete-floor-resting-after-morning-workout-outdoor-summer-park-athletic-female-take-break-listen-music-headphones_91014-5702.jpg?w=360
",Photo of woman resting after workout.
car_indian_female_old,"https://media.istockphoto.com/photos/senior-woman-driving-a-car-picture-id1148904261?b=1&k=6&m=1148904261&s=170667a&h=2PbflBEX-q65kFIpXZjR5FmmnIzTL_Fc7R5rEVE2i58=
",Photo of smiling woman in passenger seat.
computer_eastasian_male_old,"https://thumbs.dreamstime.com/b/senior-japanese-man-using-laptop-computer-portrait-showing-perfect-sign-white-background-50634309.jpg
",Photo of smiling man giving okay gesture.
car_black_male_old,"https://www.uber-assets.com/image/upload/f_auto,q_auto:eco,c_fill,w_872,h_490/v1581614411/assets/68/b9de43-2ff5-425e-a683-f71ca19a4d9d/original/UberIM_005747.jpg
",Photo of a smiling man driving a car.
roadside_black_female_young,"https://thumbs.dreamstime.com/b/young-black-woman-standing-broken-down-car-using-cell-phone-assistance-side-portrait-112578223.jpg
",Photo of a person using phone by car.
yatch_hispanic_male_young,"https://thumbs.dreamstime.com/z/%CE%B3%CE%BF%CE%B7%CF%84%CE%B5%CF%85%CF%84%CE%B9%CE%BA%CF%8C-%CE%BA%CE%B1%CE%B9-%CE%B5%CE%BB%CE%BA%CF%85%CF%83%CF%84%CE%B9%CE%BA%CF%8C-%CE%AC%CF%84%CE%BF%CE%BC%CE%BF-%CE%BC%CE%B5-%CF%84%CE%B1-%CE%B3%CF%85%CE%B1%CE%BB%CE%B9%CE%AC-%CE%B7%CE%BB%CE%AF%CE%BF%CF%85-%CF%80%CE%BF%CF%85-%CE%BA%CE%AC%CE%B8%CE%BF%CE%BD%CF%84%CE%B1%CE%B9-147344415.jpg
",Photo of man sitting outdoors in sunglasses
garden_eastasian_male_young,"https://c8.alamy.com/comp/P0P87W/suzhou-jiangsu-china-gardener-trimming-bonzai-tree-tiger-hill-P0P87W.jpg
",Photo of person trimming a bonsai tree.
yatch_caucasian_female_young,"https://thumbs.dreamstime.com/b/young-beautiful-girl-long-hair-sitting-bow-yacht-white-skirt-bikini-193150956.jpg
",Photo of woman relaxing on yacht deck.
gun_range_hispanic_male_young,"https://www.airgunsperu.com/wp-content/uploads/2017/06/airgunsperu-revolver-250617-11.jpg
",Photo of person practicing target shooting.
car_eastasian_male_old,"https://conteudo.imguol.com.br/c/noticias/ed/2018/05/17/noboru-moriwaki-90-afirmou-que-nao-tem-planos-de-parar-de-dirigir-1526607865917_142x100.jpg
",Photo of an elderly man driving a car.
computer_black_male_young,"https://c8.alamy.com/comp/K66ME4/smiling-happy-african-man-holding-laptop-computer-on-his-lap-while-K66ME4.jpg
",Photo of smiling man with laptop and sunglasses.
yatch_eastasian_female_young,"https://image.shutterstock.com/image-photo/portrait-young-beautiful-asian-woman-260nw-2146885347.jpg
",Photo of woman enjoying boat ride in scenic landscape.
pilot_caucasian_male_young,"https://thumbs.dreamstime.com/z/serious-man-sitting-cockpit-looking-handles-down-control-panel-handsome-caucasian-pilot-getting-ready-217194411.jpg
",Photo of a pilot operating aircraft controls.
construction_hispanic_male_young,"https://thumbs.dreamstime.com/x/engineer-25864749.jpg
",Photo of a man in suit and hard hat holding tablet.
car_black_male_young,"https://media.istockphoto.com/photos/young-emotional-black-businessman-driving-after-successful-business-picture-id1265965021?k=20&m=1265965021&s=612x612&w=0&h=50XC4fcg7vmjph2Va9vtRafAwVSOAMm8veNlM6yUsxY=
",Photo of cheerful man driving a car
computer_black_male_old,"https://thumbs.dreamstime.com/b/mature-african-american-man-working-his-home-office-185607503.jpg
",Photo of a man working at a computer with mug.
photographer_indian_male_young,"https://res.cloudinary.com/urbanclap/image/upload/t_medium_res_profile_medium/images/5a1d7e0eb9aa955d0009c28a/1511883488117-ef07952f934e6b069b4fce3f3ec244f9.undefined
",Photo of person with camera on tripod.
gym_caucasian_male_old,"https://thumbs.dreamstime.com/t/elderly-man-gym-exercise-56124219.jpg
",Photo of a senior man using gym equipment.
gym_hispanic_male_young,"https://c8.alamy.com/comp/HXG95B/young-hispanic-fitness-man-in-gym-sitting-on-bench-working-out-with-HXG95B.jpg
",Photo of man lifting dumbbell at gym.
shopping_caucasian_female_old,"https://cdn.xxl.thumbs.canstockphoto.com/canstock16078981.jpg
",Photo of woman with shopping bags at Christmas market.
computer_hispanic_female_young,"https://thumbs.dreamstime.com/b/pretty-latin-american-young-adult-woman-computer-desk-home-pretty-latin-american-young-adult-woman-computer-170453766.jpg
",Photo of smiling woman with laptop and notebook.
bench_eastasian_female_young,"https://c8.alamy.com/comp/F0TDXD/asian-girl-sitting-on-a-bench-in-a-park-F0TDXD.jpg
",Photo of a woman sitting on park bench.
sports_black_female_old,"https://thumbs.dreamstime.com/b/senior-black-woman-sitting-floor-exercise-equipment-44821566.jpg
",Photo of woman with exercise ball and weights.
gym_caucasian_female_old,"https://thumb7.shutterstock.com/image-photo/stock-photo-confident-seniors-on-exercise-bikes-450w-620910119.jpg
",Photo of a smiling woman on an exercise bike.
kitchen_eastasian_male_young,"https://thumbs.dreamstime.com/b/asian-young-man-cooking-portrait-young-man-looking-recipe-asian-young-man-cooking-portrait-young-man-looking-recipe-101876241.jpg
",Photo of person cutting vegetables in kitchen.
doctor_black_female_young,"https://media.istockphoto.com/photos/portrait-of-female-african-american-doctor-standing-in-her-office-at-picture-id1193303828?k=20&m=1193303828&s=612x612&w=0&h=pR-j4lYHKLuquDEpAbi55VwA3D8WZRHCbFyWdolOXnI=
",Photo of a smiling healthcare professional with clipboard.
car_caucasian_female_young,"https://thumbs.dreamstime.com/b/beautiful-young-woman-driving-yellow-taxi-car-happy-blonde-female-smile-hat-looking-camera-caucasian-girl-enjoying-182428780.jpg
",Photo of smiling driver in yellow hat.
photographer_caucasian_male_young,"https://static1.bigstockphoto.com/thumbs/7/4/1/large2/147027473.jpg
",Photo of man smiling with camera.
doctor_hispanic_male_young,"https://as1.ftcdn.net/v2/jpg/02/22/22/32/1000_F_222223230_ypOwXkD6EPPbV1dxp5jE75FC7fnma0lP.jpg
",Photo of a doctor discussing an X-ray.
fashion_show_hispanic_female_young,"https://thumbs.dreamstime.com/b/indian-female-model-performing-ramp-walk-fashion-show-new-delhi-india-november-young-walks-runway-designer-ethnic-clothes-185352743.jpg
",Photo of model walking on fashion show runway.
kitchen_hispanic_female_old,"https://img3.stockfresh.com/files/w/wavebreak_media/m/72/2450266_stock-photo-retired-woman-looking-at-the-camera-in-the-kitchen.jpg
",Photo of smiling woman preparing vegetables in kitchen.
forest_indian_female_young,"https://image.shutterstock.com/image-photo/jorhat-india-10th-april-2019-260nw-1365245378.jpg
",Photo of woman walking in forest.parametrize(voice_only=False)
soldier_indian_female_young,"https://previews.agefotostock.com/previewimage/medibigoff/d291bf4e13e5836cd761d0dd855c0d14/mb-03856731.jpg
",Photo of a uniformed scout with medals.
gym_black_female_old,"https://cdn-prod.medicalnewstoday.com/content/images/articles/326/326958/older-woman-exercising.jpg
",Photo of woman exercising on gym machine.
gym_caucasian_male_old,"https://static3.bigstockphoto.com/thumbs/8/4/9/large2/94860068.jpg
",Photo of senior man using exercise machine.
construction_indian_male_young,"https://img.freepik.com/free-photo/indian-male-site-contractor-engineer-with-hard-hat-holding-blue-print-paper-walking-construction-site_231208-2584.jpg?w=360
",Photo of an architect in formal wear with helmet.
drinking_water_black_male_young,"https://thumbs.dreamstime.com/z/young-black-man-drinking-water-running-urban-backgroun-background-male-exercising-naked-torso-listening-to-music-93668541.jpg
",Photo of a man drinking water outdoors.
photographer_black_female_young,"https://static2.bigstockphoto.com/thumbs/4/4/8/large2/84452114.jpg
",Photo of smiling person holding a camera.
sports_eastasian_female_old,"https://www.thechairmansbao.com/wp-content/uploads/2018/01/82-year-old-Basketball-Granny-in-Hefei-351x185.jpg
",Photo of elderly woman playing basketball.
garden_black_male_young,"https://thumbs.dreamstime.com/t/african-man-watering-plants-cheerful-young-59910990.jpg
",Photo of man watering plants with a smile.
sports_black_female_young,"https://media.istockphoto.com/photos/warming-up-before-the-game-picture-id1350459297?k=20&m=1350459297&s=612x612&w=0&h=EcYlER9JmbllCR1lxgzXxYUgVAryfwaQTBTfLGEKTWc=
",Photo of person playing soccer outdoors.
computer_black_male_young,"https://www.gannett-cdn.com/-mm-/e27fe1dd09fa96d0680e65d0e8f5eb74f83a3e83/c=10-0-918-512&r=x803&c=1600x800/local/-/media/USATODAY/USATODAY/2014/04/04//1396622752000-africa.jpg
",Photo of man working at computer desk.
photographer_hispanic_female_young,"https://thumbs.dreamstime.com/b/fotograaf-29658129.jpg
",Photo of smiling woman with camera.
construction_indian_female_young,"https://thumbs.dreamstime.com/z/young-indian-female-engineer-tablet-against-white-background-40016357.jpg
","Photo of engineer pointing upwards, holding laptop."
drinking_water_hispanic_female_young,"https://previews.123rf.com/images/antoniodiaz/antoniodiaz1409/antoniodiaz140900023/31230592-gorgeous-latin-athlete-drinking-water-from-a-bottle-outdoors.jpg
",Photo of person drinking water from bottle outdoors.
lab_caucasian_male_young,"https://thumbs.dreamstime.com/z/lab-man-8989174.jpg
",Photo of scientist conducting a laboratory experiment.
office_indian_female_old,"https://1.bp.blogspot.com/-x8SgaY3wiAM/WEp8071DJII/AAAAAAAAGs8/DcDZWweHqT8oYxJ-jIYPJYeYSIuYgJE5gCLcB/s1600/women_1.jpg
",Photo of woman in office with sari and glasses.
fashion_show_eastasian_male_young,"https://i.pinimg.com/236x/5c/83/18/5c8318369463fabb16980a8baf8bef94--fashion-week--fashion-weeks.jpg
",Photo of model walking on fashion runway
kitchen_indian_female_young,"https://st2.depositphotos.com/1643295/6731/i/600/depositphotos_67316363-stock-photo-woman-cooking-at-the-kitchen.jpg
",Photo of woman focused on cooking.
gym_indian_female_young,"https://image.shutterstock.com/image-photo/young-athletic-indian-girl-doing-260nw-543641293.jpg
",Photo of a woman stretching in a gym.
pilot_eastasian_male_young,"https://media.istockphoto.com/photos/portrait-of-a-male-pilot-sitting-in-the-cockpit-picture-id1141094702?k=20&m=1141094702&s=612x612&w=0&h=lp4D3NUuL-mxZALjbQdvAsA_bOqTY_OrLAKGFbKcpZo=
",Photo of a pilot in cockpit.
bench_hispanic_male_young,"https://static3.bigstockphoto.com/thumbs/7/5/9/large2/95715368.jpg
",Photo of a man sitting on a park bench.
gym_eastasian_female_young,"https://previews.123rf.com/images/jumlongch/jumlongch1908/jumlongch190800029/130311635-asian-woman-exercising-in-the-gym-young-woman-workout-in-fitness-for-her-healthy-and-office-girl-lif.jpg
",Photo of person using treadmill at gym.
hotel_black_female_young,"https://thumbs.dreamstime.com/b/young-pretty-girl-luxury-rich-hotel-room-lifestyle-people-concept-young-pretty-girl-luxury-rich-hotel-room-lifestyle-people-166710208.jpg
",Photo of woman posing with floral background.
sports_indian_female_young,"https://wp.scoopwhoop.com/wp-content/uploads/2018/03/5a9e48cf7c99885b6557c239_bd64fd52-5d56-4783-86ac-d8d6e5d63c00.jpg
",Photo of sportsperson with bronze medal.
bench_caucasian_female_young,"https://c8.alamy.com/comp/BD8K72/young-blond-woman-sitting-on-white-bench-with-book-in-park-BD8K72.jpg
",Photo of person reading on park bench
office_black_female_young,"https://thumbs.dreamstime.com/z/young-black-woman-working-computer-office-close-up-young-black-woman-working-computer-office-close-up-99962719.jpg
",Photo of woman working at computer desk.
pilot_eastasian_female_young,"https://c8.alamy.com/comp/W9CTR6/a-young-female-fighter-plane-pilot-of-chinese-pla-air-force-poses-next-to-a-training-plane-after-a-new-flight-suits-delivery-ceremony-at-an-airport-in-W9CTR6.jpg
",Photo of a pilot with helicopter in background.
computer_caucasian_female_old,"https://thumbs.dreamstime.com/z/modern-elderly-grey-haired-s-woman-headphones-take-online-course-training-computer-home-smart-mature-caucasian-female-197388974.jpg
",Photo of a woman writing and using laptop.
lab_hispanic_male_young,"https://c8.alamy.com/comp/2JK8E73/handsome-hispanic-man-working-as-scientific-at-laboratory-2JK8E73.jpg
",Photo of smiling technician in laboratory.
construction_black_male_young,"https://img.freepik.com/premium-photo/african-civil-engineering-working-with-use-tablet-control-road-rebuilding-inspect-construction-site-with-roller-compactor-machine-road_73622-3049.jpg?w=2000
",Photo of smiling worker with tablet at construction site.
gym_hispanic_female_old,"https://marvel-b1-cdn.bc0a.com/f00000000229348/www.silversneakers.com/wp-content/uploads/2018/09/SSBlog_5MinuteBoost.MPCRepurposed5_1400x1050.jpg
",Photo of smiling woman stretching after exercise.
computer_caucasian_female_old,"https://media.sciencephoto.com/image/t4200306/800wm/T4200306-Elderly_woman_using_computer_to_access_the_WWW.jpg
",Photo of elderly woman using computer.
running_black_female_young,"https://cdn6.dissolve.com/p/D430_35_234/D430_35_234_1200.jpg
",Photo of a woman jogging outside.
office_hispanic_female_old,"https://thumbs.dreamstime.com/b/diligent-aged-student-focused-elderly-hispanic-woman-headphones-watch-webinar-laptop-screen-take-notes-to-paper-notebook-213902715.jpg
",Photo of a woman writing in notebook with headphones.
yatch_hispanic_male_young,"https://media.istockphoto.com/photos/man-sitting-and-fishing-on-boat-picture-id1094598572?k=20&m=1094598572&s=612x612&w=0&h=Rrf84aIZnAw6lO4lKEpk0-YYDpyF6Sq1TSB0GDxGR5w=
",Photo of person fishing on boat at sea.
bench_eastasian_female_young,"https://images.stockfreeimages.com/1917/sfixl/19171129.jpg
",Photo of person sitting on park bench.
computer_indian_male_young,"https://image.shutterstock.com/image-photo/indian-man-computer-young-people-600w-140769508.jpg
",Photo of smiling man with laptop giving thumbs up.
office_hispanic_male_old,"https://img.freepik.com/premium-photo/senior-hispanic-man-smiling-looking-laptop-screen_262288-9779.jpg?w=360
",Photo of smiling man using laptop.
office_caucasian_female_old,"https://t3.ftcdn.net/jpg/03/83/39/04/360_F_383390479_o96HGOLtF3u9T3CffIRY7Sd98PAf9Kgo.jpg
",Photo of a smiling woman using a laptop.
forest_hispanic_female_young,"https://t3.ftcdn.net/jpg/05/24/24/54/360_F_524245461_ooKzmpFXQukOlIhuaOABT55TbNIL4hFJ.jpg
",Photo of camper eating by tent outdoors.
photographer_indian_male_young,"https://tse2.mm.bing.net/th?id=OIP.eEnXFNE9RoAKoND3ss7rugHaE8&pid=15.1&w=410&h=274
",Photo of a man with a camera outdoors.
car_eastasian_male_young,"http://s3-ap-northeast-1.amazonaws.com/static.amanaimages.com/imgroom/rm_thumb200/22964/22964002108.jpg
",Photo of man standing by red car.
photographer_black_male_young,"https://www.dynamique-mag.com/wp-content/uploads/8721466d48f087ac87f423919f473cc2-500x405.jpg
",Photo of man taking picture with camera.
pilot_black_male_young,"https://st4.depositphotos.com/4479867/25691/i/450/depositphotos_256915852-stock-photo-young-airline-pilot-african-dred.jpg
",Photo of smiling person in pilot uniform.
singer_indian_male_young,"https://nettv4u.com/fileman/Uploads/Top-10-Young-Singers-of-India/Armaan_Malik.jpg
",Photo of person with guitar smiling.
fashion_show_hispanic_male_young,"http://imguol.com/2012/07/30/jose-loreto-manda-beijo-para-as-fas-em-desfile-no-mega-polo-moda-verao-2013-30072012-1343681499130_956x500.jpg
",Photo of man on stage with audience.
kitchen_hispanic_male_young,"https://thumbs.dreamstime.com/z/handsome-young-man-cooking-breakfast-home-portrait-hispanic-apron-113381990.jpg
",Photo of man cooking in kitchen.
running_hispanic_female_young,"https://c8.alamy.com/comp/PFKF30/latina-hispanic-woman-running-jogging-PFKF30.jpg
",Photo of a woman jogging in the park.
doctor_eastasian_female_young,"https://thumbs.dreamstime.com/b/chinese-female-woman-hospital-doctor-rays-22862223.jpg
",Photo of a female healthcare professional with clipboard
car_black_female_young,"https://c8.alamy.com/comp/2CWD8E6/new-car-happy-black-muslim-businesswoman-getting-in-luxury-auto-and-smiling-2CWD8E6.jpg
",Photo of a smiling woman getting into a car.
lab_eastasian_male_young,"https://thumbs.dreamstime.com/z/asian-laboratory-scientist-working-lab-test-tubes-one-male-chinese-93847972.jpg
",Photo of a smiling person in lab coat.
construction_caucasian_female_young,"https://thumb1.shutterstock.com/image-photo/stock-photo-woman-engineer-with-blueprint-standing-on-buildings-background-450w-198669920.jpg
",Photo of woman with blueprints at construction site.
roadside_caucasian_male_young,"https://static.vecteezy.com/system/resources/previews/001/253/873/non_2x/confident-man-posing-in-selvedge-jeans-photo.jpg
",Photo of person on urban bridge.
computer_eastasian_female_old,"https://image.shutterstock.com/image-photo/elderly-asian-chinese-female-doctor-260nw-1810340560.jpg
",Photo of smiling person with laptop.
office_hispanic_male_young,"https://c8.alamy.com/comp/2J3C81Y/portrait-young-mexican-attractive-businessman-working-at-modern-home-office-with-computer-laptop-2J3C81Y.jpg
",Photo of man working intently at his desk.
computer_caucasian_male_young,"https://static.vecteezy.com/system/resources/previews/011/029/508/large_2x/young-caucasian-man-work-from-home-on-laptop-and-connect-online-to-office-indoor-for-remote-internet-workplace-young-adult-male-is-freelance-work-smart-on-notebook-sit-in-working-room-copy-space-photo.jpg
",Photo of man working at laptop with headphones.
lab_caucasian_male_young,"https://thumbs.dreamstime.com/z/young-male-chemist-working-lab-253197356.jpg
",Photo of perplexed scientist with lab equipment.
construction_eastasian_female_young,"https://assets.bwbx.io/images/users/iqjWHBFdfxIU/i3LLFKMorkGg/v155/-1x-1.jpg
",Photo of a person at a construction site.
gun_range_black_female_young,"https://media.npr.org/assets/img/2022/07/12/ap17201793406011_custom-6fb3d3c0709d8fd58f0cd4be4ac6b712bc24b91a-s1100-c50.jpg
",Photo of person practicing shooting at a range.
gun_range_black_female_young,"https://pyxis.nymag.com/v1/imgs/a94/1ea/88b7ee833af3b8ec6531174620ffa78673-Black-Women-Guns-final.rsquare.w700.jpg
",Photo of person aiming in shooting sport.
computer_indian_female_old,"https://i.pinimg.com/originals/3a/32/5a/3a325a425ca067a42bedb3f4f208bfbc.jpg
",Photo of woman using laptop near traditional stove.
gun_range_caucasian_female_young,"https://st3.depositphotos.com/1004918/16869/i/1600/depositphotos_168693994-stock-photo-woman-shooting-with-gun.jpg
",Photo of person practicing at a shooting range.
hotel_black_male_young,"https://th.bing.com/th/id/OIP.JN75N-doV_IBCtocIR9WpgHaE8?pid=ImgDet&w=600&h=400&rs=1
",Photo of smiling man with suspenders indoors.
office_indian_male_old,"https://img.freepik.com/premium-photo/portrait-satisfied-senior-indian-asian-businessman-sitting-workplace-front-computer-looking-camera-while-relaxing-old-professional-man-feet-office-desk_466689-11182.jpg?w=2000
",Photo of a smiling man at a desk with laptop.
construction_caucasian_female_young,"https://static3.bigstockphoto.com/thumbs/7/4/1/large2/147630335.jpg
",Photo of a smiling construction worker with helmet.
car_hispanic_female_young,"https://img.freepik.com/free-photo/woman-traveling-with-her-car_23-2149077750.jpg
",Photo of a woman reading a map in car.
gym_black_male_young,"https://media.istockphoto.com/photos/young-african-american-man-sitting-and-lifting-a-dumbbell-with-the-picture-id1162195270?k=20&m=1162195270&s=612x612&w=0&h=SQCm2OoXYQK2lgOQvRFnBIPeO731RW-w9TOu4id5AKU=
",Photo of man lifting dumbbell at gym.
doctor_eastasian_female_young,"https://img.freepik.com/free-photo/serious-young-asian-female-doctor-holding-folder-doctor-occupation-concept_1262-12474.jpg
",Photo of healthcare professional with clipboard.
gym_indian_female_young,"https://media.istockphoto.com/photos/young-woman-doing-plank-exercise-picture-id668303296?k=20&m=668303296&s=612x612&w=0&h=-zrxcu70ABppsZPCB0MobPgUGyroG83z1nS2S3bkQFk=
",Photo of person practicing plank exercise.
sports_black_female_young,"https://cdn2.peopleimages.com/picture/202012/2106346-she-was-born-for-the-court-fit_400_400.jpg
",Photo of woman holding basketball outdoors.
photographer_caucasian_female_young,"https://static1.bigstockphoto.com/7/2/4/large2/427406639.jpg
",Photo of woman with camera in studio.
garden_hispanic_male_young,"https://thumbs.dreamstime.com/z/old-spanish-farmer-making-country-flower-arrangements-bouquets-his-garden-local-market-soft-afternoon-light-54304953.jpg
",Photo of person arranging colorful flowers outdoors.
lab_indian_female_young,"https://thumbs.dreamstime.com/b/indian-female-lab-technician-doing-experiment-laboratory-india-aug-doctor-checking-heart-beat-patient-hospital-ward-157759327.jpg
",Photo of a technician working in a laboratory.
sports_eastasian_female_old,"https://news.cgtn.com/news/3d3d774d3359444e34457a6333566d54/img/68458767a07a4e61b171a0fce362655c/68458767a07a4e61b171a0fce362655c.jpg
",Photo of a person practicing flexibility outdoors.
car_eastasian_female_young,"https://c8.alamy.com/comp/A721EK/young-woman-driving-car-A721EK.jpg
",Photo of a smiling woman driving a car.
running_hispanic_male_young,"https://thumbs.dreamstime.com/b/man-running-city-listening-to-music-portrait-handsome-young-hispanic-jogging-outdoors-some-earbuds-73965348.jpg
",Photo of man jogging with headphones.
sports_eastasian_female_old,"https://thumbs.dreamstime.com/z/beijing-china-april-old-chinese-woman-whipping-spinning-tops-traditional-game-which-players-rotate-cone-shaped-them-chaoyang-181788961.jpg
",Photo of elderly woman practicing with a sword.
drinking_water_caucasian_female_young,"https://c8.alamy.com/comp/FKTP4J/young-woman-drinking-water-from-bottle-FKTP4J.jpg
",Photo of woman drinking water outdoors.
office_eastasian_female_old,"https://thumbs.dreamstime.com/b/portrait-good-looking-kindly-warm-feeling-asian-senior-woman-wearing-eyeglasses-sitting-drinking-coffee-working-desk-219062175.jpg
",Photo of a contemplative person at a desk
gym_black_female_old,"https://assets-us-01.kc-usercontent.com/ffacfe7d-10b6-0083-2632-604077fd4eca/ab557316-a953-4f49-a717-358e16f0f68b/Black-woman-exercising_iStock-1299849307_2021-10_Hero-1336x614.jpg?w=486&dpr=2&fm=pjpg&q=60
",Photo of smiling woman with earphones in park.
computer_caucasian_male_young,"https://image.shutterstock.com/image-photo/young-adult-caucasian-man-busy-260nw-645270100.jpg
",Photo of a man using smartphone at desk.
photographer_hispanic_female_young,"http://static.zoonar.de/img/www_repository4/e9/61/ce/9_7875a8e2dadfe837a0c207ffd14e03a6.jpg
",Photo of person holding a camera.
garden_caucasian_female_young,"https://thumb7.shutterstock.com/image-photo/stock-photo-attractive-mature-woman-doing-the-gardening-and-tendering-different-condiments-and-aromatic-herbs-450w-153044201.jpg
",Photo of woman with plants in garden.
garden_black_female_young,"https://i.pinimg.com/originals/ae/5e/ca/ae5ecac1f6ef7ee59b1a9eaaebbf3462.jpg
",Photo of a woman gardening with a smile.
kitchen_black_female_young,"https://thumbs.dreamstime.com/z/african-american-woman-phone-cooking-food-african-american-woman-afro-phone-cooking-food-over-stove-192902358.jpg
",Photo of a woman cooking in kitchen.
bench_eastasian_male_old,"https://pioneers.org/wp-content/uploads/2019/11/japan-old-man-reading-bench.jpg
",Photo of man reading book on bench outdoors.
sports_eastasian_male_young,"https://junior-youth.c.blog.so-net.ne.jp/_images/blog/_311/junior-youth/m_E5B091E5B9B4E382B5E38383E382ABE383BC54-5.jpg
",Photo of two soccer players in action.
office_black_male_old,"https://media.istockphoto.com/photos/senior-africanamerican-businessman-hands-clasped-picture-id1091124334?k=20&m=1091124334&s=612x612&w=0&h=EkA20HC4TRmTJ3WHsZ9hqbGAfvEQkGzDPppHEeNOjG4=
",Photo of a smiling man with glasses indoors.
office_eastasian_male_old,"https://thumbs.dreamstime.com/z/asian-senior-business-man-working-computer-table-office-l-life-theme-77944408.jpg
",Photo of businessman analyzing data at desk.
computer_indian_male_young,"https://as2.ftcdn.net/v2/jpg/03/51/18/03/1000_F_351180345_jx2A08xmAsrTEaZ3RT4hJM2U5wdQuK1U.jpg
",Photo of a man working on laptop with headphones.
fashion_show_eastasian_female_young,"https://i.pinimg.com/236x/b1/46/7a/b1467a6044d4b7367199ecdf5dd338ed--chinese-style-asian-style.jpg
",Photo of a model showcasing traditional Asian apparel.
hotel_black_female_young,"https://image.shutterstock.com/image-photo/young-black-businesswoman-just-arrived-260nw-2139449601.jpg
",Photo of woman using smartphone indoors.
garden_hispanic_female_young,"https://c8.alamy.com/comp/2AXKY6H/young-woman-preparing-the-earth-with-eggshells-2AXKY6H.jpg
",Photo of person gardening in pots.
sports_hispanic_male_old,"https://t1.ftcdn.net/jpg/00/09/83/62/400_F_9836279_50hfoZU0GM5Nhy8sjicDyYu1XAqpQFfL.jpg
",Photo of person playing tennis
sports_indian_male_young,"https://image.shutterstock.com/image-photo/young-indian-sportsman-holding-basketball-260nw-1532689742.jpg
",Photo of a smiling person holding a basketball.
soldier_caucasian_male_young,"http://www.charlesfreger.com/wp-content/uploads/2014/07/charles_freger_lux_2002_2005_soldats_001.jpg
",Photo of person in military uniform.
gun_range_black_female_young,"https://i.guim.co.uk/img/media/3f878addb6d0cc928e364cb61baddadd47a1b555/0_168_5040_3024/master/5040.jpg?width=620&quality=85&fit=max&s=65fe8dfde495655c5a277df8d08e6d66
",Photo of person practicing at a shooting range.
car_caucasian_female_old,"https://c8.alamy.com/comp/WK0B36/smiling-businesswoman-driving-classy-car-WK0B36.jpg
",Photo of woman driving a car.
office_indian_female_young,"https://previews.123rf.com/images/imagesbavaria/imagesbavaria1402/imagesbavaria140200287/25813330-young-indian-woman-sitting-at-desk-in-her-office-with-a-blue-blouse-.jpg
",Photo of a smiling professional at a desk.
singer_eastasian_female_young,"https://www.fluentu.com/chinese/blog/wp-content/uploads/2016/02/famous-chinese-singers6.jpg
",Photo of person singing on stage
computer_eastasian_female_young,"https://thumbs.dreamstime.com/z/happy-asian-woman-laptop-computer-office-business-education-people-concept-young-working-109492517.jpg
",Photo of woman using laptop on sofa.
bench_hispanic_female_young,"https://thumbs.dreamstime.com/z/young-woman-sitting-park-bench-using-tablet-phone-cape-town-her-lunch-break-109947000.jpg
",Photo of person sitting on a park bench.
car_eastasian_female_old,"https://image.shutterstock.com/shutterstock/photos/46884874/display_1500/stock-photo-old-woman-in-the-car-46884874.jpg
",Photo of smiling elderly lady driving a car.
bench_caucasian_male_old,"https://media.istockphoto.com/photos/senior-man-watching-media-on-mobile-phone-alone-in-a-public-park-picture-id649878692?k=20&m=649878692&s=612x612&w=0&h=pK7wOjF45JvlyRcZ6rXq67NJGOWioT14S32giXkV5q8=
",Photo of senior man sitting on park bench.
sports_indian_female_old,"https://static2.bigstockphoto.com/thumbs/9/5/1/large2/1595631.jpg
",Photo of senior woman playing tennis.
office_eastasian_male_old,"https://n.sinaimg.cn/tech/transform/667/w400h267/20200921/6311-izmihnt7194090.jpg
",Photo of elder man working at laptop with pen.
office_eastasian_male_young,"https://thumbs.dreamstime.com/z/young-business-man-working-office-smiling-47259938.jpg
",Photo of man working on laptop in office setting.
construction_black_female_young,"https://media.istockphoto.com/photos/african-woman-engineer-at-a-construction-site-picture-id925600844?k=20&m=925600844&s=170667a&w=0&h=ZJrY0fnmQ9Eua9kpEarIuXhysf13PY31f0tNCFTYWXw=
",Photo of construction worker reviewing plans onsite.
pilot_eastasian_female_young,"https://english.rikkyo.ac.jp/closeup/dn4ddm0000000lu9-img/dn4ddm0000000lwn.jpg
",Photo of a smiling female pilot in uniform.
forest_hispanic_male_young,"https://cdn.xxl.thumbs.canstockphoto.com/canstock29232367.jpg
",Photo of a man standing by a tree
lab_black_male_young,"https://media.istockphoto.com/photos/scientist-looking-at-test-tube-picture-id826300274?k=20&m=826300274&s=612x612&w=0&h=Oml5Q9iLpU3Y9meZbLFYvj4OhkvbDxyE5AVunIz7SxI=
",Photo of scientist examining test tube in lab
office_caucasian_female_old,"https://thumb9.shutterstock.com/image-photo/stock-photo-attractive-stylish-senior-manageress-sitting-in-her-office-surrounded-by-business-files-and-450w-189269726.jpg
",Photo of smiling woman at office desk.
gym_eastasian_male_young,"https://previews.123rf.com/images/dekdoyjaidee/dekdoyjaidee1708/dekdoyjaidee170800059/84651214-young-asian-man-exercises-at-gym-fitness-sport-exercising-concept-with-light-sunset-.jpg
",Photo of person exercising on gym machine.
garden_eastasian_female_young,"http://img01.fine400.com/20201012/tooopen_s17064164115609.jpg
",Photo of person harvesting in traditional attire.
computer_eastasian_male_young,"https://media.istockphoto.com/photos/young-chinese-man-working-with-computer-picture-id959418664?k=20&m=959418664&s=170667a&w=0&h=7PKGMVubgdh9k6ahaiSAudQ7zsOTNKgdZlF4e7AtqxQ=
",Photo of man with laptop and coffee cup.
car_hispanic_male_young,"https://media.istockphoto.com/photos/man-driving-and-singing-on-the-road-trip-picture-id1162455603?k=20&m=1162455603&s=612x612&w=0&h=mbuVmdsKniok-fNIH_Ex19oRLqhwVIjv484tnSTYXFA=
",Photo of man driving car wearing sunglasses.
lab_indian_male_young,"https://previews.123rf.com/images/espies/espies1802/espies180200635/96454102-asian-indian-male-scientist-or-doctor-or-science-student-experimenting-with-microscope-and-chemicals.jpg
",Photo of scientist examining flask in laboratory.
running_eastasian_female_young,"https://c8.alamy.com/comp/2A90AE5/young-japanese-woman-running-downtown-tokyo-2A90AE5.jpg
",Photo of a woman jogging outdoors
kitchen_indian_female_young,"https://static.vecteezy.com/system/resources/previews/001/181/855/non_2x/indian-woman-cooking-in-the-kitchen-photo.jpg
",Photo of person cooking in kitchen.
