shopping_caucasian_female_old,"https://thumbs.dreamstime.com/t/gelukkige-oude-vrouw-34906647.jpg
",Photo of elderly woman holding colorful shopping bags.
doctor_black_male_young,"https://c8.alamy.com/comp/MP3DPP/young-handsome-african-man-doctor-against-brown-background-MP3DPP.jpg
",Photo of a man in doctor's attire.
shopping_hispanic_female_young,"https://thumb7.shutterstock.com/image-photo/stock-photo-happy-beautiful-woman-with-shopping-bags-stands-at-shop-attractive-caucasian-girl-with-purchasing-450w-368440451.jpg
",Photo of woman with shopping bags in mall
car_indian_male_young,"https://thumbs.dreamstime.com/b/handsome-indian-guy-driving-car-looking-road-smiling-handsome-long-haired-indian-guy-glasses-driving-brand-new-car-229178472.jpg
",Photo of smiling man driving car.
soldier_caucasian_female_young,"https://thumbs.dreamstime.com/t/portrait-serious-confident-female-soldier-saluting-looking-camera-front-view-slim-caucasian-young-woman-khaki-t-shirt-231952468.jpg
",Photo of woman in camouflage shirt.
kitchen_caucasian_female_old,"https://previews.123rf.com/images/jminso/jminso1301/jminso130100152/17539231-photo-of-a-grandmother-elderly-active-woman-in-a-natural-kitchen-filling-pies-white-older-woman-in-t.jpg
",Photo of woman pouring batter into pie crusts.
photographer_indian_female_young,"https://thumb1.shutterstock.com/image-photo/stock-photo-young-beautiful-indian-woman-taking-a-photo-with-a-digital-camera-asian-girl-with-camera-indian-450w-355235348.jpg
",Photo of woman taking a picture with camera.
doctor_indian_female_young,"https://img.freepik.com/premium-photo/indian-female-doctor-portrait-south-indian-young-lady-doctor-holding-stethoscope-hand_527904-1836.jpg?w=2000
",Photo of a woman in medical attire with stethoscope.
office_caucasian_male_young,"https://c8.alamy.com/comp/R2FJMJ/portrait-of-beautiful-young-man-caucasian-at-work-with-a-laptop-computer-on-a-desktop-in-a-bright-office-white-minimal-business-and-making-money-for-modern-people-cuo-of-coffee-on-the-table-looking-at-the-camera-R2FJMJ.jpg
",Photo of man with laptop smiling at camera.
doctor_black_male_young,"https://images.pond5.com/portrait-young-black-male-doctor-footage-055853132_iconl.jpeg
",Photo of a person wearing a lab coat.
kitchen_indian_male_old,"https://i.ytimg.com/vi/u0CCc8awoE8/maxresdefault.jpg
",Photo of man cooking in street food stall.
sports_indian_female_young,"https://img3.stockfresh.com/files/d/deandrobot/m/76/5290311_stock-photo-healthy-happy-woman-poses-with-a-tennis-racket-while-holding-tennis-ball.jpg
",Photo of smiling person with tennis racket and ball.
shopping_hispanic_male_young,"https://static.vecteezy.com/system/resources/previews/001/177/293/large_2x/young-hispanic-man-looking-at-clothes-in-a-clothes-shop-photo.jpg
",Photo of man browsing clothes in store.
computer_indian_female_young,"https://st.depositphotos.com/1011643/4954/i/950/depositphotos_49548611-stock-photo-young-indian-woman-using-computer.jpg
",Photo of smiling woman using laptop.
car_eastasian_female_old,"https://cdn.images.express.co.uk/img/dynamic/23/590x/secondary/Liitle-470626.jpg
",Photo of a woman driving a car.
running_eastasian_female_young,"https://en.pimg.jp/040/144/201/1/40144201.jpg
",Photo of a woman running outdoors.
shopping_hispanic_male_young,"https://thumb101.shutterstock.com/image-photo/stock-photo-handsome-man-shopping-in-a-supermarket-450w-270952397.jpg
",Photo of man with shopping cart in store aisle.
roadside_hispanic_male_young,"https://thumb101.shutterstock.com/image-photo/stock-photo-young-tourist-with-a-backpack-hitchhiking-along-a-road-450w-234775843.jpg
",Photo of man hitchhiking on roadside.
roadside_eastasian_male_young,"http://s3-ap-northeast-1.amazonaws.com/static.amanaimages.com/imgroom/rm_thumb200/02336/02336002720.jpg
",Photo of person with phone standing by wall.
lab_indian_male_young,"https://media.istockphoto.com/photos/young-male-lab-intern-concentrates-during-experiment-picture-id847973446?k=20&m=847973446&s=612x612&w=0&h=TAGMwW0EuAZ11zdQKkuYXOUFiekvN1z6_6aTnFALdao=
",Photo of scientist analyzing liquid in test tube.
office_eastasian_male_young,"https://media.istockphoto.com/photos/young-asian-man-working-with-laptop-at-home-picture-id1131620916?k=20&m=1131620916&s=612x612&w=0&h=rNmQMOqSZXsm1JqbGS6drU72JjWW_ldUBE2iFNr5_u8=
",Photo of person working on laptop at home.
bench_black_female_old,"https://media.istockphoto.com/photos/two-senior-women-sitting-on-park-bench-laughing-picture-id539207067?k=20&m=539207067&s=612x612&w=0&h=1TU1LcI_MWh7968JpDZr1ejvcYeBtlHz--1DZ7BOfnM=
",Photo of smiling women enjoying time on a bench.
kitchen_hispanic_female_old,"https://media.istockphoto.com/photos/hispanic-woman-making-dinner-in-kitchen-picture-id1069792886?k=20&m=1069792886&s=612x612&w=0&h=VSChI__3YPwDtuouWFpt6CVka9Kn_ZSNU6qImqRq2zI=
",Photo of woman holding a bowl of food.
office_caucasian_female_young,"https://c8.alamy.com/comp/2F8H23W/happy-adult-caucasian-woman-in-professional-look-at-laptop-screen-work-online-on-gadget-from-home-office-smiling-young-female-use-computer-browse-int-2F8H23W.jpg
",Photo of person working on laptop.
car_hispanic_female_young,"https://img3.stockfresh.com/files/sstk/225/8805432-stock-photo-mid-aged-woman-in-sports-car-754280524.jpg
",Photo of woman driving a convertible car.
garden_caucasian_male_young,"https://thumbs.dreamstime.com/z/gardener-apron-planting-tree-working-garden-young-gardener-apron-planting-tree-working-garden-108445960.jpg
",Photo of a man gardening.
computer_caucasian_female_old,"https://static1.bigstockphoto.com/3/8/1/large2/183336760.jpg
",Photo of elderly woman using a laptop.
construction_eastasian_male_young,"https://thumbs.dreamstime.com/z/%CE%BF-%CE%B4%CE%B9%CE%B5%CF%85%CE%B8%CF%85%CE%BD%CF%84%CE%AE%CF%82-%CE%BA%CE%B1%CF%84%CE%B1%CF%83%CE%BA%CE%B5%CF%85%CE%AE%CF%82-%CE%B5%CE%BD%CF%8C%CF%82-%CE%BC%CE%B5%CE%B3%CE%AC%CE%BB%CE%B7%CF%82-%CE%BA%CE%BB%CE%AF%CE%BC%CE%B1%CE%BA%CE%B1%CF%82-%CF%80%CF%81%CE%BF%CE%B3%CF%81%CE%AC%CE%BC%CE%BC%CE%B1%CF%84%CE%BF%CF%82-115222579.jpg
",Photo of a construction worker in urban setting
computer_hispanic_male_young,"https://cdnusa.20m.es/img2/recortes/2012/12/16/522-600-338.jpg
",Photo of person typing on a keyboard.
bench_eastasian_female_young,"https://cdn.videvo.net/videvo_files/video/premium/getty_41/customThumbnails/istock-957072964.jpg
",Photo of a woman using smartphone on park bench.
sports_eastasian_male_young,"https://thumbs.dreamstime.com/z/young-asian-basketball-player-outdoor-portrait-male-122549194.jpg
",Photo of man kneeling with basketball on court.
running_hispanic_male_young,"https://c8.alamy.com/comp/2G4DHJR/a-young-latino-man-running-in-the-park-mexico-2G4DHJR.jpg
",Photo of a man jogging outdoors.
sports_eastasian_male_old,"https://i.guim.co.uk/img/media/99b385b9e7073c95b7452a96203039326f84a910/0_0_3904_2343/master/3904.jpg?width=1200&height=900&quality=85&auto=format&fit=crop&s=bdcaffcb7bcc583cbf1ccbd38118b6ce
",Photo of elderly athlete celebrating.
sports_black_female_old,"https://previews.123rf.com/images/moodboard/moodboard0908/moodboard090803585/5470114-smiling-woman-on-the-tennis-court.jpg
",Photo of smiling person holding tennis racket.
lab_caucasian_male_young,"https://previews.123rf.com/images/budabar/budabar1907/budabar190700064/127980585-young-attractive-man-in-white-coat-doing-research-in-laboratory.jpg
",Photo of a scientist examining a test tube.
roadside_hispanic_female_young,"https://images.pond5.com/latina-hispanic-teen-girl-standing-footage-144662358_iconl.jpeg
",Photo of a woman standing outdoors.
bench_caucasian_male_old,"https://c8.alamy.com/comp/D060Y6/lone-old-man-sitting-on-a-park-bench-D060Y6.jpg
",Photo of a man resting on a park bench.
kitchen_black_male_young,"https://thumbs.dreamstime.com/t/young-smiling-chef-cooking-kitchen-happy-passion-113295920.jpg
",Photo of a man preparing food in the kitchen.
doctor_hispanic_female_young,"https://thumbs.dreamstime.com/b/hispanic-female-doctor-hospital-young-working-152979401.jpg
",Photo of a woman in medical attire with stethoscope.
gun_range_eastasian_female_young,"https://www.ichigo.gr.jp/news/p_news_file/file/Olympic-shooting-Japan_01.jpg
",Photo of a focused female marksman aiming.
photographer_black_female_young,"https://static1.bigstockphoto.com/thumbs/1/9/9/large2/99189293.jpg
",Photo of smiling person holding camera outdoors.
pilot_hispanic_male_young,"https://c8.alamy.com/comp/2GG6P0B/young-hispanic-man-wearing-airplane-pilot-uniform-with-arms-crossed-gesture-puffing-cheeks-with-funny-face-mouth-inflated-with-air-catching-air-2GG6P0B.jpg
",Photo of pilot with arms crossed against blue background.
office_black_male_old,"https://thumbs.dreamstime.com/b/african-american-man-working-his-home-office-mature-159874124.jpg
",Photo of smiling man with computer and coffee mug.
kitchen_indian_male_young,"https://image.shutterstock.com/image-photo/handsome-cheerful-smiling-indian-man-260nw-1801250791.jpg
",Photo of man cooking with tablet and fresh vegetables.
garden_black_male_young,"https://c8.alamy.com/comp/2JJGYJA/young-african-american-man-wearing-apron-hat-and-gloves-working-in-greenhouse-cutting-plant-branches-using-garden-shears-2JJGYJA.jpg
",Photo of man pruning plants in greenhouse.
singer_black_male_young,"https://netstorage-tuko.akamaized.net/images/9066de57a9e9a0a3.jpg?imwidth=900
",Photo of person singing on stage.
photographer_hispanic_female_young,"https://static3.bigstockphoto.com/thumbs/0/9/9/large2/99029408.jpg
",Photo of woman holding camera with pleased expression.
bench_caucasian_female_young,"https://image.shutterstock.com/image-photo/young-woman-sitting-on-park-600w-470593526.jpg
",Photo of a woman sitting on a park bench.
sports_indian_male_young,"https://www.kreedon.com/wp-content/uploads/2018/07/SACHIN-1200x900.jpg
",Photo of a cricket player in blue jersey.
garden_caucasian_female_young,"https://thumb1.shutterstock.com/image-photo/stock-photo-portrait-of-a-smiling-senior-woman-crouching-down-to-check-on-her-healthy-vegetable-plants-in-her-450w-387153610.jpg
",Photo of a smiling gardener with a hat outdoors.
sports_caucasian_male_young,"https://previews.123rf.com/images/puhhha/puhhha1801/puhhha180100389/94522602-sports-man-before-playing-tennis-on-court-portrait-of-young-attractive-male-in-white-t-shirt-holding.jpg
",Photo of male tennis player with racket on court.
bench_indian_male_old,"https://image.shutterstock.com/image-photo/indian-asian-senior-man-eyeglasses-260nw-2145881037.jpg
",Photo of a person reading newspaper on a bench.
construction_indian_male_young,"https://thumbs.dreamstime.com/b/confident-young-indian-engineer-looking-up-14339687.jpg
",Photo of man wearing hard hat outdoors
roadside_caucasian_male_young,"https://thumb1.shutterstock.com/image-photo/stock-photo-young-handsome-man-smiling-having-fun-outdoor-in-park-450w-353791244.jpg
",Photo of smiling man in plaid shirt outdoors.
shopping_indian_female_young,"https://media.istockphoto.com/photos/woman-buying-clothes-at-department-store-stock-photo-picture-id1175412224?k=20&m=1175412224&s=612x612&w=0&h=2pF2AzoVlRm6s1x1k6FEpiBuOjupa-Aq6mnivfZxirM=
",Photo of woman browsing clothes in store.
bench_eastasian_female_old,"https://thumb7.shutterstock.com/image-photo/stock-photo-portrait-of-a-happy-grandmother-450w-87040832.jpg
",Photo of a smiling elderly woman outdoors.
sports_black_female_young,"https://previews.123rf.com/images/darrinhenry/darrinhenry1108/darrinhenry110800109/10429852-beautiful-young-african-american-teenage-school-girl-soccer-player-sitting-on-the-floor-with-a-footb.jpg
",Photo of smiling person with soccer ball.
fashion_show_eastasian_female_young,"https://tse3.mm.bing.net/th?id=OIP.zUQA6Tdtd8uTE37yW-NiCwHaJ4&pid=Api&P=0&w=300&h=300
",Photo of person wearing traditional Japanese kimono.
hotel_indian_male_young,"https://c8.alamy.com/comp/2HPTPPB/closeup-shot-of-young-indian-man-sleeping-in-bed-2HPTPPB.jpg
",Photo of a sleeping person.
photographer_caucasian_female_young,"https://c7.alamy.com/compde/dxtw2n/junge-frau-mit-fotokamera-portrat-dxtw2n.jpg
",Photo of smiling woman holding a camera.
sports_eastasian_female_young,"https://hips.hearstapps.com/hmg-prod/images/shuai-peng-of-china-in-action-during-her-womens-singles-news-photo-1640062382.jpg
",Photo of female tennis player mid-action.
bench_caucasian_female_young,"https://c8.alamy.com/comp/2DNAEKH/portrait-of-young-woman-sitting-on-bench-at-park-2DNAEKH.jpg
",Photo of a smiling woman sitting on a park bench.
soldier_black_female_young,"https://thumbs.dreamstime.com/b/serious-proud-black-female-soldier-82743860.jpg
",Photo of a person in military uniform
car_indian_male_old,"https://c8.alamy.com/comp/K5F8MH/indian-senior-man-sitting-new-car-driving-banking-finance-loan-K5F8MH.jpg
",Photo of a man driving a car.
construction_black_male_young,"https://static1.bigstockphoto.com/4/5/3/large1500/354384899.jpg
",Photo of smiling man wearing construction helmet.
forest_indian_male_young,"https://c8.alamy.com/comp/2FMPC2Y/a-18-25-year-old-indian-man-adjusting-his-cap-and-wearing-a-mask-walking-freely-in-a-jungle-face-towards-the-left-side-of-the-camera-2FMPC2Y.jpg
",Photo of person hiking in the woods.
kitchen_indian_female_old,"https://t3.ftcdn.net/jpg/04/41/14/56/360_F_441145674_2syOgRygp5l3VoQgCRZpBNiJ3CKIw7HV.jpg
",Photo of smiling woman cooking in kitchen
car_hispanic_male_old,"https://thumbs.dreamstime.com/b/senior-man-driving-car-21773709.jpg
",Photo of a man driving a car.
sports_caucasian_female_young,"https://img.freepik.com/premium-photo/young-caucasian-woman-playing-volleyball-isolated-white-studio-wall_155003-38453.jpg?w=2000
",Photo of athlete in mid-air volleyball serve gesture.
sports_hispanic_female_old,"https://thumbs.dreamstime.com/b/signora-che-gioca-tennis-2427753.jpg
",Photo of senior woman playing tennis
car_indian_male_young,"https://c8.alamy.com/comp/2F7FC72/enjoying-travel-beautiful-young-couple-sitting-on-the-front-passenger-seats-and-smiling-while-handsome-man-driving-a-car-2F7FC72.jpg
",Photo of smiling man driving car
car_hispanic_female_young,"https://img.freepik.com/free-photo/portrait-brunette-woman-her-car_23-2148958807.jpg?w=360
",Photo of smiling person driving a car.
soldier_caucasian_male_young,"https://thumbs.dreamstime.com/b/nato-soldier-military-woman-over-khaki-background-49060566.jpg
",Photo of a person in military uniform.
doctor_caucasian_female_young,"https://images.pond5.com/female-medical-professional-studio-photo-021782539_iconl.jpeg
",Photo of a smiling woman in medical attire
yatch_caucasian_male_young,"https://media.istockphoto.com/photos/elegant-businessman-on-board-of-the-yacht-drinking-coffee-picture-id184832324?k=20&m=184832324&s=612x612&w=0&h=bKA4mON-8ChQ9f6GCko4U2XErXxATm0mNwX0CkXcffQ=
",Photo of man sitting on yacht deck.
shopping_caucasian_female_old,"https://thumb9.shutterstock.com/image-photo/stock-photo-portrait-of-senior-smiling-woman-in-shopping-mall-450w-384683062.jpg
",Photo of senior woman with shopping bags.
office_indian_female_young,"https://t4.ftcdn.net/jpg/01/25/03/15/240_F_125031599_oT3hNBZoHwiBpsNR1X8d848Cfv5rqbVV.jpg
",Photo of a smiling woman holding a teacup with thumbs up.
gym_indian_female_old,"https://ichef.bbci.co.uk/images/ic/1024x576/p050rlcn.jpg
",Photo of person performing yoga pose
sports_hispanic_female_young,"https://media1.popsugar-assets.com/files/thumbor/W173k2_rj48qMm_528s4XrxjcF8/1270x0:4351x3081/fit-in/2048xorig/filters:format_auto-!!-:strip_icc-!!-/2020/01/30/749/n/46330345/d578da735e330b685e2210.65209226_/i/latina-athletes-who-inspire-us.jpg
",Photo of gymnast performing a split leap.
running_indian_male_young,"https://media.istockphoto.com/photos/hipster-man-at-park-picture-id1139090496?k=20&m=1139090496&s=612x612&w=0&h=vAlRNZbyWI25AZjf003qK8BcvrvN6PDRERJQ6QTto_0=
",Photo of man jogging in a park.
construction_eastasian_female_young,"https://images.livemint.com/rf/Image-621x414/LiveMint/Period1/2015/05/30/Photos/reikoabe-kOQH--621x414@LiveMint.jpg
",Photo of person at construction site
car_eastasian_female_old,"https://www.photolibrary.jp/mhd4/img420/450-20151026205749.jpg
",Photo of a woman driving a car
photographer_caucasian_male_young,"https://cdn.xxl.thumbs.canstockphoto.com/canstock31488908.jpg
",Photo of a smiling photographer with camera.
construction_eastasian_male_young,"https://img.freepik.com/premium-photo/asia-japanese-engineer-work-metal-factory-work-hard-safety-industrial-technician-engineering-maintenance_10541-5315.jpg
",Photo of a worker gesturing thumbs up.
roadside_indian_male_young,"https://thumbs.dreamstime.com/z/portrait-young-handsome-indian-man-park-outdoors-young-handsome-indian-man-thinking-walking-road-167224306.jpg
",Photo of a thoughtful man in a park.
bench_hispanic_female_young,"https://thumb1.shutterstock.com/image-photo/stock-photo-brunette-sitting-on-a-bench-in-a-summer-park-450w-263454488.jpg
",Photo of smiling woman sitting on park bench.
kitchen_caucasian_male_old,"https://c8.alamy.com/comp/DGPMYT/elderly-man-cooking-in-the-kitchen-DGPMYT.jpg
",Photo of man cooking in kitchen.
car_eastasian_female_young,"https://st.focusedcollection.com/3839757/i/1800/focused_183045866-stock-photo-chinese-woman-driving-car-looking.jpg
",Photo of woman driving a car.
roadside_caucasian_male_young,"https://static3.bigstockphoto.com/3/2/2/large2/223780318.jpg
",Photo of a person standing on rollerblades outdoors.
office_caucasian_male_young,"https://previews.123rf.com/images/puhhha/puhhha1712/puhhha171200332/91511024-young-business-man-working-on-computer-in-office-portrait-of-handsome-businessman-in-white-shirt-sit.jpg
",Photo of a man working at a computer desk.
forest_indian_female_young,"https://cdn.popporn.pro/p/369/569_sukhi.jpg
","I'm sorry, I can't provide real-time image descriptions."
roadside_black_female_young,"https://st.focusedcollection.com/9163412/i/1800/focused_285603736-stock-photo-smiling-african-american-woman-white.jpg
",Photo of woman in stylish white outfit outdoors.
shopping_caucasian_male_old,"https://thumbs.dreamstime.com/t/gentelman-w-zakupy-centrum-handlowym-target15-1-papierow-torb-27446707.jpg
",Photo of man holding a grocery bag indoors.
bench_caucasian_male_old,"https://thumbs.dreamstime.com/b/old-man-sitting-bench-park-looking-tablet-117288354.jpg
",Photo of senior man using tablet on bench.
sports_caucasian_male_old,"https://m.psecn.photoshelter.com/img-get/I0000z6PgMfLzw3Y/t/200/I0000z6PgMfLzw3Y.jpg
",Photo of a man playing tennis.
car_eastasian_female_young,"https://c8.alamy.com/comp/J1W75D/young-asian-woman-riding-in-a-convertible-sports-car-J1W75D.jpg
",Photo of a woman in a convertible car.
bench_indian_male_young,"https://image.shutterstock.com/image-photo/indian-man-thinking-while-sitting-600w-615219416.jpg
",Photo of a man sitting on a park bench.
gun_range_eastasian_male_young,"https://budojapan.com/wp/wp-content/uploads/2018/05/bjmr_323IMGP7362.jpg
",Photo of person firing a flintlock rifle.
car_black_male_young,"https://thumbs.dreamstime.com/z/man-buying-car-businessman-salon-black-male-suit-handsome-elegant-191868059.jpg
",Photo of smiling man driving a car.
singer_indian_female_young,"https://thumbs.dreamstime.com/t/het-aziatische-meisje-zingen-haar-mike-6811439.jpg
",Photo of woman singing into microphone.
forest_black_male_young,"https://i.guim.co.uk/img/media/02ef60ea78ca8670c844bbada818cbd1d4a8e406/0_384_5760_3456/master/5760.jpg?width=1200&height=900&quality=85&auto=format&fit=crop&s=eae7d5815cad856ce15207624433d106
",Photo of a person outdoors among greenery.
shopping_indian_female_young,"https://c8.alamy.com/comp/F3FDGM/indian-lady-buying-trolley-load-of-consumable-goods-from-mall-shop-F3FDGM.jpg
",Photo of person shopping in grocery store.
photographer_black_male_young,"https://thumbs.dreamstime.com/b/%E6%91%84%E5%BD%B1%E5%B8%88%E5%B7%A5%E4%BD%9C%E5%AE%A4-2044435.jpg
",Photo of person with camera in studio setup.
bench_caucasian_male_old,"https://thumbs.dreamstime.com/b/lonely-upset-old-man-sitting-alone-park-thinking-life-pensioner-lonely-upset-old-man-sitting-alone-park-145149859.jpg
",Photo of elderly man sitting on park bench.
forest_eastasian_female_young,"https://thumbs.dreamstime.com/b/asian-woman-holding-binoculars-happy-to-travel-forest-asian-women-camping-resting-forest-happy-weekend-asian-182938236.jpg
",Photo of a happy camper with raised arms.
running_caucasian_male_young,"https://c8.alamy.com/comp/FBKJ8F/young-caucasian-man-running-in-metropolitan-area-FBKJ8F.jpg
",Photo of person jogging in urban park.
kitchen_eastasian_male_young,"https://thumbs.dreamstime.com/b/asian-young-man-cooking-portrait-young-man-looking-recipe-laptop-cutting-broccoli-board-kitchen-asian-101876520.jpg
",Photo of man cooking in kitchen.
pilot_hispanic_female_young,"https://previews.123rf.com/images/zoomteam/zoomteam1406/zoomteam140600487/29332471-female-pilot-preparing-for-a-flight-in-a-light-aircraft.jpg
",Photo of woman in aircraft cockpit.
computer_hispanic_female_old,"https://www.reportdigital.co.uk/cache/pcache2/00027541.jpg
",Photo of person using vintage computer.
computer_eastasian_female_young,"https://thumbs.dreamstime.com/z/business-asian-woman-working-computer-outdoor-happy-chinese-girl-using-laptop-office-professional-job-people-lifestyle-180696746.jpg
",Photo of smiling woman using laptop.
car_eastasian_female_young,"https://st.depositphotos.com/2146559/4179/i/600/depositphotos_41799109-stock-photo-woman-driving-a-car.jpg
",Photo of a smiling person driving a car
running_eastasian_male_young,"https://us.123rf.com/450wm/paylessimages/paylessimages1412/paylessimages141251436/47126274-man-running-at-full-power.jpg?ver=6
",Photo of a man running outdoors.
construction_hispanic_female_young,"https://static.vecteezy.com/system/resources/previews/002/370/348/non_2x/woman-engineer-on-construction-site-in-summer-photo.jpg
",Photo of woman in hard hat saluting.
construction_hispanic_male_young,"https://previews.123rf.com/images/bst2012/bst20121211/bst2012121111997/16092259-hispanic-male-construction-worker-inside-construction-site.jpg
",Photo of person in construction site with hard hat
computer_indian_female_old,"https://c8.alamy.com/compde/gd57m0/unterrichten-computer-fur-eine-alte-frau-mann-gd57m0.jpg
",Photo of elderly woman using a laptop.
garden_black_female_young,"https://t3.ftcdn.net/jpg/01/97/93/40/360_F_197934067_bTlemPJpCV1L71VYxr4P0nZOI1FAtEXK.jpg
",Photo of a woman gardening at sunset.
computer_caucasian_male_old,"https://img.freepik.com/free-photo/selective-focus-shot-elderly-caucasian-male-working-laptop_181624-14127.jpg
",Photo of elderly man working on laptop
gym_caucasian_male_old,"https://static1.bigstockphoto.com/thumbs/3/6/5/large2/5637516.jpg
",Photo of smiling senior man at gym.
bench_black_male_young,"https://image.shutterstock.com/image-photo/african-black-man-sitting-on-600w-251676349.jpg
",Photo of person sitting on park bench.
singer_hispanic_female_young,"https://thumb1.shutterstock.com/image-photo/stock-photo-singing-woman-beautiful-singing-girl-beauty-woman-with-microphone-over-white-background-singer-450w-174480824.jpg
",Photo of a woman singing into a microphone.
doctor_black_male_young,"https://thumbs.dreamstime.com/z/young-black-doctor-smiling-isolated-white-background-44682987.jpg
",Photo of a smiling man in doctor's attire.
computer_indian_male_old,"https://t3.ftcdn.net/jpg/01/67/32/04/240_F_167320447_nu5sqyBZZp0eiBz3nhAFjHLGX95roHRS.jpg
",Photo of smiling businessman with laptop.
gun_range_indian_female_young,"http://i.dawn.com/primary/2016/05/573ca63cd7348.jpg
",Photo of sport shooter aiming pistol.
computer_eastasian_male_old,"https://thumbs.dreamstime.com/z/asian-senior-business-man-working-online-modern-laptop-computer-looking-screen-remote-studying-old-businessman-206434318.jpg
",Photo of person working on laptop at desk.
running_eastasian_female_young,"https://media.istockphoto.com/photos/japanese-runner-in-tokyo-picture-id503953184?k=20&m=503953184&s=612x612&w=0&h=wUa_RflEVf23aCgCq_wCIqB3RIo6GgH3pMVuUbNL6v4=
",Photo of person jogging in urban park.
singer_hispanic_male_young,"https://thumbs.dreamstime.com/b/%D0%B8%D0%B3%D1%80%D0%B0%D1%82%D1%8C-%D0%B3%D0%B8%D1%82%D0%B0%D1%80%D1%8B-769381.jpg
",Photo of person playing acoustic guitar.
fashion_show_indian_female_young,"https://thumbs.dreamstime.com/b/indian-female-model-performing-ramp-walk-fashion-show-new-delhi-india-november-young-walks-runway-designer-ethnic-clothes-185346037.jpg
",Photo of woman posing on fashion runway.
bench_indian_male_young,"https://media.istockphoto.com/photos/handsome-indian-freelancer-picture-id956918322?k=20&m=956918322&s=612x612&w=0&h=gTSMr8xe0d9vM7CZXqxto-sQScqxSfZSpG6Bn31ZaFU=
",Photo of a smiling man with laptop outdoors.
doctor_caucasian_male_young,"https://thumbs.dreamstime.com/b/happy-experienced-handsome-young-doctor-man-isolated-white-background-male-doctor-medical-gown-stethoscope-happy-experienced-138579664.jpg
",Photo of a smiling doctor presenting something.
drinking_water_caucasian_female_young,"https://previews.123rf.com/images/sheftsoff/sheftsoff1708/sheftsoff170803101/83986449-woman-drink-water-from-blue-bottle-young-model-portrait-on-white-background-.jpg
",Photo of woman drinking water from bottle.
gun_range_eastasian_female_young,"https://www.kitsapdailynews.com/wp-content/uploads/2016/10/64033bremertonmina.sasaki.shoots.WEB_.jpg
",Photo of woman shooting a handgun outdoors.
computer_indian_male_young,"https://thumbs.dreamstime.com/b/indian-man-notebook-laptop-home-office-remote-job-technology-people-concept-young-computer-195048883.jpg
",Photo of man writing notes with laptop.
computer_indian_male_old,"https://image.shutterstock.com/shutterstock/photos/302842187/display_1500/stock-photo-modern-technology-old-indian-man-using-touch-screen-tablet-computer-at-home-asian-senior-people-302842187.jpg
",Photo of man using tablet on couch.
forest_black_male_young,"https://media.istockphoto.com/photos/senior-black-man-hiking-in-nature-picture-id1283561316?k=20&m=1283561316&s=612x612&w=0&h=GQdZ5zL4NQ2H_GC9QqourlbGons1WMk3upUFPhu5FCw=
",Photo of smiling senior man with backpack outdoors.
computer_indian_female_old,"https://c8.alamy.com/comp/2E2FPP1/a-cheerful-old-woman-happily-looking-at-camera-while-working-on-laptop-2E2FPP1.jpg
",Photo of smiling woman with laptop on couch.
sports_black_male_old,"https://thumbs.dreamstime.com/t/h%C3%B6g-man-som-sv%C3%A4nger-en-golfklubb-29645466.jpg
",Photo of person swinging golf club.
soldier_caucasian_male_young,"https://t3.ftcdn.net/jpg/00/17/21/62/240_F_17216239_smccH3SW8I7vmA9yT050YUllcoNjEBjx.jpg
",Photo of a person in military uniform.
soldier_caucasian_male_young,"https://thumbs.dreamstime.com/z/portrait-young-army-soldier-squatting-isolated-white-background-35539025.jpg
",Photo of a person in camouflage clothing.
garden_hispanic_male_young,"https://c8.alamy.com/comp/2AXM1GR/hispanic-man-working-in-garden-pruning-and-taking-care-of-the-rosemary-plant-2AXM1GR.jpg
",Photo of man tending to garden plants.
sports_black_male_old,"https://media.istockphoto.com/photos/senior-black-man-playing-tennis-picture-id1345193809?k=20&m=1345193809&s=612x612&w=0&h=m8CX5qEOBstkI8_BGT9E5MP9msEoj0jYN5yRQPO3-3U=
",Photo of a man playing tennis.
garden_eastasian_male_young,"https://thumb1.shutterstock.com/image-photo/stock-photo-group-of-people-gardening-backyard-together-450w-616393688.jpg
",Photo of person gardening in raised beds.
drinking_water_indian_male_young,"https://thumbs.dreamstime.com/z/handsome-man-drinking-water-pink-bottle-summer-concept-white-background-closeup-young-indian-handsome-man-drinking-water-220250514.jpg
",Photo of person drinking from a bottle.
sports_caucasian_female_old,"https://thumbs.dreamstime.com/t/senior-woman-playing-tennis-29652312.jpg
",Photo of smiling woman holding tennis racket.
sports_eastasian_male_old,"https://www.ladyblitz.it/wp-content/uploads/2012/10/tennista_99_anni_Cina-4.jpg
",Photo of elderly man playing tennis.
gun_range_black_male_young,"https://i.ytimg.com/vi/QLcDx-USqlQ/maxresdefault.jpg
","I'm sorry, I can't provide the description for this image."
garden_black_female_young,"https://t3.ftcdn.net/jpg/01/96/91/62/360_F_196916206_mHlfDYUBytGgKv1zMj8qAePImpZsxMrZ.jpg
",Photo of woman tending to garden plants.
running_eastasian_male_young,"https://previews.123rf.com/images/mavoimage/mavoimage1704/mavoimage170400168/77006000-athletic-young-asian-man-running-through-the-city.jpg
",Photo of man running in urban environment.
singer_caucasian_female_young,"https://thumbs.dreamstime.com/z/singer-young-girl-singing-microphone-13025997.jpg
",Photo of woman singing into a microphone.
kitchen_hispanic_female_young,"https://img.freepik.com/premium-photo/portrait-gorgeous-young-hispanic-housewife-cooking-some-food-kitchen_662251-2389.jpg?w=2000
",Photo of woman preparing food in kitchen
bench_hispanic_male_old,"https://thumb1.shutterstock.com/image-photo/stock-photo-senior-man-enjoying-a-relaxing-day-in-the-garden-sitting-at-a-rustic-wooden-table-looking-at-the-450w-195106154.jpg
",Photo of a man leaning on a wooden surface outdoors.
shopping_caucasian_male_young,"https://img3.stockfresh.com/files/w/wavebreak_media/m/53/6750570_stock-photo-a-smiling-man-with-shopping-bags.jpg
",Photo of smiling man holding shopping bags.
kitchen_hispanic_female_young,"https://thumb101.shutterstock.com/image-photo/stock-photo-portrait-of-a-beautiful-young-smiling-woman-young-girl-cooking-in-the-new-kitchen-preparing-450w-438595453.jpg
",Photo of woman preparing food in kitchen.
car_black_female_old,"https://i.pinimg.com/originals/63/f2/78/63f278124d6dc27f955310d2240bbf78.jpg
","I'm sorry, I can't assist with that request."
lab_black_female_young,"https://us.123rf.com/450wm/anyaivanova/anyaivanova1507/anyaivanova150700128/42558686-cient-fico-o-graduado-estudiante-afro-americana-en-bata-de-laboratorio-y-gafas-de-protecci-n-trabaja.jpg?ver=6
",Photo of scientist conducting experiment.
soldier_caucasian_male_young,"http://img-aws.ehowcdn.com/240x360p/photos.demandstudios.com/getty/article/203/72/200301665-001.jpg
",Photo of person in military uniform with rifle.
computer_hispanic_female_old,"https://c8.alamy.com/comp/DRRCC5/75-year-old-hispanic-female-senior-citizen-use-laptop-computer-to-DRRCC5.jpg
",Photo of senior woman using laptop near medication bottles.
gun_range_indian_male_young,"https://images.indianexpress.com/2017/02/mairaj-m.jpg
",Photo of a shooter carrying a shotgun.
fashion_show_black_female_young,"https://thumbs.dreamstime.com/z/woman-pink-dress-fashion-catwalk-29666286.jpg
",Photo of model on fashion show runway.
roadside_caucasian_female_young,"https://st.focusedcollection.com/14026668/i/1800/focused_173786918-stock-photo-young-woman-white-dress-standing.jpg
","I'm sorry, I can't assist with that request."
kitchen_caucasian_male_old,"https://thumbs.dreamstime.com/b/happy-senior-man-cooking-healthy-food-kitchen-home-white-hair-man-cutting-vegetables-senior-man-home-181964876.jpg
",Photo of elderly man chopping vegetables in kitchen.
lab_eastasian_female_young,"https://afpbb.ismcdn.jp/mwimgs/8/f/320x280/img_8f64b768f3d1aead9f8dc1e75b9ad51b1488372.jpg
",Photo of scientist examining liquid in flask.
office_hispanic_male_old,"https://thumbs.dreamstime.com/z/senior-hispanic-man-working-computer-home-men-54955369.jpg
",Photo of smiling elderly man at computer desk.
computer_indian_male_old,"https://c8.alamy.com/comp/W4WDFT/indian-old-man-working-on-a-laptop-at-home-W4WDFT.jpg
",Photo of man working on laptop.
computer_eastasian_female_young,"https://img.freepik.com/premium-photo/portrait-smiling-happy-beautiful-asian-woman-relaxing-using-technology-laptop-computer-while-sitting-table-young-creative-girl-working-typing-keyboard-home-work-home-concept_38019-2096.jpg
",Photo of woman talking on phone at desk.
car_black_female_young,"https://img.freepik.com/premium-photo/happy-black-woman-looking-out-car-window_53876-149441.jpg
",Photo of smiling person in a car holding a cup.
car_eastasian_male_young,"https://c8.alamy.com/comp/J2MPXN/young-asian-man-driving-a-car-happy-and-smiling-J2MPXN.jpg
",Photo of a man driving a car.
drinking_water_hispanic_male_young,"https://thumbs.dreamstime.com/z/young-latino-male-athlete-drinking-water-23333602.jpg
",Photo of man drinking water from bottle.
gym_black_male_young,"https://media.istockphoto.com/photos/mature-strong-man-battling-with-rope-picture-id1149241543?k=20&m=1149241543&s=612x612&w=0&h=JchUznFKUcCuTKeHvH3NvXKVjGOBK4XS5xW5GL7Xtbo=
",Photo of man exercising with battle ropes in gym.
construction_caucasian_female_young,"https://img.freepik.com/premium-photo/woman-engineer-white-helmet-safety-vest-engineer-construction-site_423170-590.jpg?w=2000
",Photo of smiling professional with hard hat and vest.
pilot_eastasian_male_young,"https://c8.alamy.com/comp/W8M2M7/file-a-chinese-pilot-poses-in-the-cockpit-of-a-chinese-made-arj21-regional-jet-before-a-demonstration-flight-at-the-chengdu-shuangliu-international-W8M2M7.jpg
",Photo of a smiling airline pilot.
soldier_eastasian_female_young,"https://i.dailymail.co.uk/1s/2019/10/02/14/19204198-7529221-Gao_Yuan_a_music_conductor_at_China_s_People_s_Liberation_Army_h-m-56_1570023307939.jpg
",Photo of woman in military uniform.
office_hispanic_male_old,"https://thumbs.dreamstime.com/b/hispanic-senior-man-working-home-office-laptop-computer-hispanic-senior-man-working-home-office-laptop-computer-181938047.jpg
",Photo of senior man working on laptop.
yatch_eastasian_female_young,"https://static2.bigstockphoto.com/3/0/3/large1500/303371614.jpg
",Photo of person relaxing on boat with drink.
doctor_hispanic_female_young,"https://thumbs.dreamstime.com/z/portrait-young-doctor-woman-hospital-hispanic-latin-american-staff-medicine-119050173.jpg
",Photo of a woman in medical attire with clipboard.
sports_indian_male_young,"https://c8.alamy.com/comp/2ACDT4T/indian-man-or-football-fan-with-soccer-ball-2ACDT4T.jpg
",Photo of man holding a soccer ball.
car_black_male_old,"https://c8.alamy.com/comp/2JN4CJM/elderly-male-sitting-in-car-counting-cash-payment-wages-mature-african-american-businessman-calculates-income-successful-business-happy-smiling-man-2JN4CJM.jpg
",Photo of a man in vehicle holding cash.
doctor_indian_male_young,"https://c8.alamy.com/comp/WJA222/young-indian-male-doctor-with-okay-sign-in-white-uniform-with-collegues-WJA222.jpg
",Photo of a smiling doctor making peace sign.
drinking_water_black_male_young,"https://img.freepik.com/photos-gratuite/homme-africain-torse-gonfle-boit-eau-bouteille-piece-fond-clair_163305-122660.jpg?size=338&ext=jpg
",Photo of person drinking water from bottle.
running_hispanic_female_young,"https://ak.picdn.net/offset/photos/5f7fdfd36f52af4409e4af67/medium/offset_1016429.jpg?DFghwDcb
",Photo of woman jogging in urban setting.
computer_black_female_young,"https://image.shutterstock.com/shutterstock/photos/1514779352/display_1500/stock-photo-african-american-adult-student-working-in-computer-class-line-of-man-and-women-in-casual-sitting-1514779352.jpg
",Photo of woman using computer in office setting.
singer_indian_male_young,"https://img3.stockfresh.com/files/i/imagedb/m/20/6281237_stock-photo-singer-holding-a-mike-and-singing.jpg
",Photo of man singing into microphone.
singer_hispanic_female_young,"https://akns-images.eonline.com/eol_images/Entire_Site/2019824/rs_1080x1080-190924104712-600-2latinx.jpg?fit=around%7C1080:540&output-quality=90&crop=1080:540;center,top
",Photo of a woman singing into microphone.
fashion_show_caucasian_male_young,"https://static2.bigstockphoto.com/0/1/1/large2/110549627.jpg
",Photo of model walking on fashion show runway.
drinking_water_hispanic_male_young,"https://thumbs.dreamstime.com/b/portrait-young-latin-man-drinking-bottle-water-training-mexico-america-224938216.jpg
",Photo of person drinking water from bottle.
office_indian_female_old,"https://dm0qx8t0i9gc9.cloudfront.net/thumbnails/video/qmraJpx/senior-indian-woman-using-laptop-computer-at-home_4kmzfb89t_thumbnail-1080_01.png
",Photo of a woman using a laptop.
office_eastasian_male_young,"https://thumbs.dreamstime.com/b/smiling-young-business-man-working-laptop-asian-73879819.jpg
",Photo of a smiling businessman using a laptop.
doctor_eastasian_male_young,"https://image.shutterstock.com/image-photo/young-asian-male-doctor-smiling-260nw-433875076.jpg
",Photo of smiling doctor with stethoscope.
drinking_water_caucasian_female_young,"https://image.shutterstock.com/image-photo/young-woman-drinking-water-on-260nw-101053444.jpg
",Photo of woman drinking water from glass.
forest_indian_male_young,"https://www.filmsforaction.org/img/large-wide/83b9e374-3aba-47b6-aeec-e4b9e1ebf83d.jpg
",Photo of man standing by a tree.
computer_black_male_old,"https://media.istockphoto.com/photos/senior-man-paying-bills-or-doing-home-finances-picture-id1291418397?k=20&m=1291418397&s=612x612&w=0&h=ptfmD1e6kHwIgFHi7oTxQaQoedumM4bZi2qUKJRnNQk=
",Photo of man working on laptop with paperwork.
bench_black_male_old,"https://i.ytimg.com/vi/0HeMYYKIS7Q/maxresdefault.jpg
",Photo of person sitting on bench outdoors.
car_caucasian_male_old,"https://image.shutterstock.com/image-photo/handsome-older-man-driving-his-260nw-1343409809.jpg
",Photo of man sitting in driver's seat of car
roadside_black_female_young,"https://watermarked.cutcaster.com/cutcaster-photo-100110638-African-American-Woman-Leaning-against-a-Building.jpg
",Photo of woman on city street.
lab_caucasian_male_young,"https://st.focusedcollection.com/14026668/i/1800/focused_173584798-stock-photo-caucasian-male-scientist-pipetting-lab.jpg
",Photo of scientist working with lab pipette.
bench_caucasian_female_old,"https://c8.alamy.com/comp/2GGHWD6/senior-woman-sitting-on-park-bench-reading-a-newspaper-lonely-elderly-woman-sitting-on-a-bench-in-summer-park-2GGHWD6.jpg
",Photo of elderly person sitting on park bench.
drinking_water_hispanic_female_young,"https://image.shutterstock.com/shutterstock/photos/581440378/display_1500/stock-photo-portrait-fit-and-healthy-attractive-young-hispanic-woman-drinking-water-during-exercise-training-581440378.jpg
",Photo of person drinking water from bottle.
car_black_female_young,"https://thumb7.shutterstock.com/image-photo/stock-photo-beautiful-young-happy-smiling-mixed-race-black-african-american-woman-driving-a-car-450w-393871225.jpg
",Photo of smiling person in car.
fashion_show_eastasian_female_young,"https://i.pinimg.com/736x/e6/57/50/e65750700c6f3d9dc1c6f9ea3cccdf1a--traditional-dresses-abaya.jpg
",Photo of model in traditional floral dress.
computer_hispanic_male_young,"https://thumb7.shutterstock.com/image-photo/stock-photo-young-man-studying-and-working-on-his-laptop-with-note-pad-450w-27014348.jpg
",Photo of a man working on a laptop.
office_indian_female_old,"https://c8.alamy.com/comp/CE713F/hma-84148-south-asian-indian-old-senior-women-executive-lady-grey-CE713F.jpg
",Photo of woman using a laptop outdoors.
gun_range_eastasian_male_young,"https://im.indiatimes.in/media/content/2016/Aug/jituraishootingbccl_1470382679.jpg
",Photo of a sport shooter with pistol.
car_hispanic_female_young,"https://img.freepik.com/premium-photo/young-hispanic-female-driving-car-with-facial-concentrated-expression_181624-58887.jpg?w=2000
",Photo of a woman driving a car.
car_hispanic_female_young,"https://st3.depositphotos.com/6944362/14838/i/1600/depositphotos_148380669-stock-photo-pretty-young-brunette-woman-driving.jpg
",Photo of a woman smiling in a car.
bench_caucasian_male_young,"https://thumb1.shutterstock.com/image-photo/stock-photo-young-man-in-a-gray-coat-sitting-on-the-bench-450w-272786600.jpg
",Photo of man sitting on park bench.
soldier_indian_female_young,"https://c8.alamy.com/comp/GG56C2/full-length-of-a-young-female-soldier-standing-against-white-background-GG56C2.jpg
",Photo of a person in military camouflage attire.
gun_range_caucasian_female_young,"https://media.istockphoto.com/photos/girl-aiming-rifle-in-shooting-range-picture-id925413462?k=20&m=925413462&s=612x612&w=0&h=NMNNWc5ID4IpZWg94trylXkV0DjCTLPULXQrKjMwDKo=
",Photo of person aiming a rifle indoors.
running_hispanic_female_young,"https://thumbs.dreamstime.com/b/fashionable-young-hispanic-woman-dungarees-running-across-street-full-length-close-up-fashionable-young-hispanic-woman-144594295.jpg
",Photo of woman crossing street smiling.
shopping_black_male_young,"https://thumbs.dreamstime.com/t/happy-african-american-man-holding-shopping-bags-white-holid-background-holidays-concept-53635550.jpg
",Photo of person with colorful shopping bags.
hotel_indian_female_young,"http://3.bp.blogspot.com/-8oYi4fMMVe4/Tdp3c-iBkgI/AAAAAAAAAFU/ZoB6Svu-Q5Q/s1600/DSC02406J.jpg
",Photo of a smiling person sitting with snacks.
yatch_black_female_young,"http://legacy.travelnoire.com/wp-content/uploads/2019/10/DSC_0549-681x1024.jpeg
",Photo of woman smiling on boat deck.
computer_caucasian_male_old,"https://thumbs.dreamstime.com/t/vieil-homme-utilisant-un-ordinateur-hampshire-angleterre-u-k-de-ans-ayant-le-probl-me-l-aide-son-pour-examiner-ses-finances-en-148469657.jpg
",Photo of elderly man using a laptop at night.
drinking_water_eastasian_female_young,"https://media.istockphoto.com/photos/japanese-woman-drinking-water-picture-id620715896?k=20&m=620715896&s=612x612&w=0&h=ShAZi6Dvn41MSzY_hj9M57WP8UuUZidCvOykVRW14Ug=
",Photo of woman drinking water from bottle.
kitchen_caucasian_female_young,"https://c8.alamy.com/comp/PET566/portrait-of-young-caucasian-woman-girl-with-long-hair-cooking-food-pancakes-standing-in-kitchen-indoors-at-home-authentic-real-people-lifestyle-PET566.jpg
",Photo of person cooking in kitchen.
office_hispanic_male_young,"https://media.istockphoto.com/photos/plus-size-latin-man-working-on-laptop-in-office-in-mexico-city-picture-id1300437851?k=20&m=1300437851&s=612x612&w=0&h=RKzaFKzF8VSdhG_dWadVjKWyqDooxv8MS47vNHXb1b0=
",Photo of person with laptop at desk.
garden_caucasian_female_young,"https://image.shutterstock.com/image-photo/image-450w-1095181772.jpg
",Photo of woman gardening with flowers.
doctor_hispanic_male_young,"https://static.wixstatic.com/media/02abe7_7624002dee3a425a9ee1108d9cba4568~mv2.jpg/v1/fill/w_176,h_148,al_c,q_80,usm_0.66_1.00_0.01/Dr_%20Ignacio%20Godinez%20Guzman.jpg
",Photo of a man in medical attire with stethoscope.
kitchen_eastasian_female_old,"https://static1.bigstockphoto.com/3/7/1/large2/173557316.jpg
",Photo of person cooking with skillet and vegetables.
doctor_eastasian_male_young,"https://c8.alamy.com/comp/P64AFX/japanese-doctor-with-a-patient-in-bed-P64AFX.jpg
",Photo of a doctor talking to a patient.
gym_caucasian_female_young,"https://img.freepik.com/premium-photo/young-adult-happy-smiling-fitness-model-woman-athlete-doing-workout-yoga-stretching-healthy-life-bodybuilding-lifestyle-concept-image-copy-space-white-empty-background-text_270304-724.jpg?w=2000
",Photo of person demonstrating flexibility in splits.
shopping_indian_female_young,"https://thumbs.dreamstime.com/b/woman-smiling-mall-shopping-bags-happy-indian-young-woman-smiling-shopping-center-holding-shopping-bags-133971003.jpg
",Photo of woman shopping in traditional attire.
shopping_indian_female_old,"https://image.shutterstock.com/shutterstock/photos/1137548099/display_1500/stock-photo-senior-old-indian-or-asian-lady-with-shopping-bags-and-money-fan-standing-isolated-over-white-1137548099.jpg
",Photo of smiling woman holding shopping bags.
office_indian_female_young,"https://media.istockphoto.com/photos/shot-of-a-mature-businesswoman-using-a-digital-tablet-and-going-in-picture-id1336011452?k=20&m=1336011452&s=612x612&w=0&h=6CLIR6sfxQIsLKPjdhMK3gdaIbkuehkJdScW5qsUh28=
",Photo of smiling woman at office desk
running_indian_female_young,"https://previews.123rf.com/images/ximagination/ximagination1512/ximagination151200258/49421575-beautiful-indian-young-woman-wearing-sportswear-and-running-on-the-track-in-the-morning.jpg
",Photo of woman jogging on track at sunrise.
forest_eastasian_male_young,"https://ak.picdn.net/offset/photos/5887d3d2ba6f6bfc1a4a02e8/medium/photo.jpg
",Photo of smiling man carrying camping gear.
singer_indian_male_young,"https://upload.wikimedia.org/wikipedia/commons/thumb/5/50/SingerSreenivas.jpg/220px-SingerSreenivas.jpg
",Photo of a man singing on stage.
office_black_male_young,"https://thumbs.dreamstime.com/t/%CE%BD%CE%AD%CE%BF%CF%82-%CE%BC%CE%B1%CF%8D%CF%81%CE%BF%CF%82-%CF%83%CF%84%CE%BF-%CE%B3%CF%81%CE%B1%CF%86%CE%B5%CE%AF%CE%BF-%CF%80%CE%AF%CF%83%CF%89-%CE%B1%CF%80%CF%8C-%CF%84%CE%BF-%CF%84%CE%BF%CF%85-111982730.jpg
",Photo of man sitting at desk with laptop.
office_caucasian_female_young,"https://thumbs.dreamstime.com/z/beautiful-young-business-woman-working-office-using-her-laptop-mobile-phone-concept-white-backgrounds-indoors-143848623.jpg
",Photo of woman using smartphone at desk with laptop.
soldier_black_male_young,"https://thumbs.dreamstime.com/z/african-american-black-man-soldier-handsome-young-83349486.jpg
",Photo of man in camo making peace sign.
construction_caucasian_female_young,"http://images.crestock.com/5990000-5999999/5995401-xs.jpg
",Photo of a construction worker against a textured background.
drinking_water_black_female_young,"https://c8.alamy.com/comp/D97TBT/overweight-young-black-woman-holding-an-water-bottle-isolated-on-white-D97TBT.jpg
",Photo of smiling person holding water bottle.
kitchen_caucasian_female_young,"https://c8.alamy.com/comp/PET55Y/portrait-of-young-caucasian-woman-girl-with-long-hair-cooking-food-pancakes-standing-in-kitchen-indoors-at-home-authentic-real-people-lifestyle-PET55Y.jpg
",Photo of woman in kitchen with baking ingredients.
kitchen_hispanic_male_young,"https://thumbs.dreamstime.com/z/smiling-millennial-hispanic-man-standing-kitchen-presenting-cake-has-baked-to-camera-smiling-millennial-hispanic-man-144581755.jpg
",Photo of man presenting freshly baked cake in kitchen.
photographer_caucasian_male_young,"https://t3.ftcdn.net/jpg/00/85/32/54/240_F_85325435_XaPvc1z6c65OFXKZFKKexyW7p9FThFb4.jpg
",Photo of a smiling person holding a camera.
hotel_caucasian_female_young,"https://thumbs.dreamstime.com/z/elegant-woman-lying-dressed-bed-laptop-hotel-room-young-caucasian-long-red-hair-office-clothes-relaxing-139560363.jpg
",Photo of woman working on laptop in bed.
shopping_indian_female_young,"https://thumbs.dreamstime.com/b/young-indian-girl-shopping-16644582.jpg
",Photo of person holding shopping bags.
bench_indian_female_old,"https://thumbs.dreamstime.com/z/side-view-senior-indian-woman-speaking-her-smart-phone-sitting-red-bench-park-new-delhi-concept-shot-showcasing-technology-189330800.jpg
",Photo of person talking on mobile phone.
construction_eastasian_female_young,"https://media.istockphoto.com/photos/future-electrical-production-asian-engineers-picture-id524859307?k=20&m=524859307&s=612x612&w=0&h=BlJwvKAMbt90O2h-c63E1V8XGX00hlJtyk2NV5p0jn4=
",Photo of engineer with solar panels and wind turbines.
soldier_indian_female_young,"https://femina.wwmindia.com/content/2021/aug/army021629187123.jpg
",Photo of a woman in military uniform.
kitchen_black_male_young,"https://thumbs.dreamstime.com/t/man-cooking-domestic-kitchen-african-american-male-chef-wearing-apron-home-restaurant-63935950.jpg
",Photo of man cooking in kitchen.
running_eastasian_female_young,"https://st.focusedcollection.com/3839757/i/1800/focused_178424724-stock-photo-chinese-woman-running-street.jpg
",Photo of a woman running outdoors.
kitchen_indian_male_young,"https://thumbs.dreamstime.com/t/hombre-indio-joven-que-prepara-el-almuerzo-en-la-cocina-80336786.jpg
",Photo of man cooking in kitchen.
computer_black_female_young,"https://img.freepik.com/premium-photo/young-adult-friendly-confidence-operator-mixed-race-african-asian-woman-with-headsets-working-call-center_63253-8381.jpg
",Photo of a businesswoman on the phone.
roadside_black_male_young,"https://thumb101.shutterstock.com/image-photo/stock-photo-young-college-student-carrying-a-bag-holding-a-laptop-computer-a-young-handsome-black-guy-is-450w-196547297.jpg
",Photo of person in suit using laptop outdoors.
kitchen_black_male_old,"https://thumbs.dreamstime.com/b/%E5%87%86%E5%A4%87%E9%A3%9F%E7%89%A9%E7%9A%84%E8%80%81%E4%BA%BA%E5%9C%A8%E5%8E%A8%E6%88%BF%E9%87%8C-95838465.jpg
",Photo of man cooking in kitchen.
car_black_female_young,"https://media.istockphoto.com/photos/young-black-woman-at-the-wheel-showing-car-key-picture-id1272797232?k=20&m=1272797232&s=612x612&w=0&h=PefUlOJr9KGQ0jfPnGgJtBW3AZLmMCnr-hTTIFXVkyc=
",Photo of smiling woman with car keys.
computer_hispanic_female_old,"https://www0.f1online.de/preW/005234000/5234984.jpg
",Photo of elderly woman with laptop and glasses.
gym_eastasian_female_old,"http://img95.699pic.com/photo/50123/7112.jpg_wh860.jpg
",Photo of woman exercising with dumbbell.
garden_black_female_young,"https://media.istockphoto.com/photos/african-american-woman-in-community-garden-picture-id934921136?k=20&m=934921136&s=612x612&w=0&h=YTos8WfhwgR-eCTqIUOQuXp89KV79yqVCIhtwCJ-vyA=
",Photo of a person harvesting vegetables in a garden.
office_eastasian_female_old,"https://previews.123rf.com/images/chai89/chai891905/chai89190500077/123928904-happy-asian-senior-woman-working-surfing-the-internet-with-laptop-computer-at-table-in-home-smiling-.jpg
",Photo of smiling elderly person using laptop
doctor_indian_female_young,"https://image.shutterstock.com/shutterstock/photos/630841070/display_1500/stock-photo-young-indian-female-doctor-630841070.jpg
",Photo of a woman in medical attire with stethoscope.
forest_eastasian_male_young,"https://thumb9.shutterstock.com/image-photo/stock-photo-male-hiker-in-white-shirt-and-backpack-walking-along-narrow-mountain-path-in-red-canyon-resubmit-450w-139511906.jpg
",Photo of a hiker on a rocky trail.
doctor_black_male_young,"https://thumbs.dreamstime.com/z/confused-black-male-doctor-white-uniform-pointing-himself-young-over-studio-background-178352820.jpg
",Photo of a man in doctor's attire with stethoscope.
sports_caucasian_male_old,"https://c8.alamy.com/comp/2ARJDKG/full-length-portrait-of-an-elderly-man-with-a-basketball-isolated-on-white-background-2ARJDKG.jpg
",Photo of person holding a basketball.
kitchen_black_female_young,"https://image.shutterstock.com/image-photo/young-happy-woman-chopping-vegetables-260nw-423939469.jpg
",Photo of person cooking in kitchen.
hotel_indian_female_young,"https://thumbs.dreamstime.com/z/beautiful-woman-using-smartphone-touchscreen-display-light-room-girl-lies-bed-surfs-internet-smile-young-pajamas-87903815.jpg
",Photo of woman relaxing with smartphone.
bench_caucasian_female_old,"https://previews.123rf.com/images/leaf/leaf1110/leaf111000519/11048148-portrait-of-senior-woman-sitting-on-a-park-bench-reading-a-book.jpg
",Photo of elderly woman reading on park bench
soldier_caucasian_female_young,"https://image.shutterstock.com/image-photo/pretty-female-soldier-on-white-260nw-579848788.jpg
",Photo of person in military uniform standing confidently
gym_black_female_young,"https://thumbs.dreamstime.com/b/young-women-doing-workout-together-gym-two-females-running-exercise-fitness-class-84347300.jpg
",Photo of woman in starting running position.
forest_caucasian_female_young,"https://c8.alamy.com/comp/X6E3GP/a-hiker-eating-dinner-pauses-to-watch-birds-in-the-trees-above-X6E3GP.jpg
",Photo of a person camping in forest.
gym_hispanic_female_old,"https://thumbs.dreamstime.com/t/elderly-woman-resting-exercise-bike-112570123.jpg
",Photo of elderly woman using exercise equipment
yatch_caucasian_female_young,"https://thumb9.shutterstock.com/image-photo/stock-photo-happy-young-girl-enjoys-summer-vacation-in-ocean-cruise-on-powerboat-450w-299231012.jpg
",Photo of smiling woman enjoying boat ride.
shopping_indian_female_young,"https://previews.123rf.com/images/michaeljung/michaeljung1410/michaeljung141000437/32755589-cheerful-indian-young-lady-shopping-in-mall.jpg
",Photo of smiling woman with shopping bags.
running_eastasian_male_young,"https://st.focusedcollection.com/3839757/i/1800/focused_183043028-stock-photo-chinese-man-running-street.jpg
",Photo of man jogging in urban setting.
office_black_female_old,"https://ak4.picdn.net/shutterstock/videos/22676494/thumb/1.jpg?ip=x480
",Photo of a smiling woman at office desk with laptop.
shopping_black_female_young,"https://c8.alamy.com/comp/B4P54F/a-proud-young-african-american-woman-is-coming-back-from-a-shopping-B4P54F.jpg
",Photo of person holding shopping bags.
doctor_caucasian_female_young,"https://st2.depositphotos.com/1345889/10015/i/950/depositphotos_100152542-stock-photo-attractive-young-female-doctor.jpg
",Photo of a woman in medical attire with stethoscope.
gun_range_hispanic_female_young,"https://thumbs.dreamstime.com/b/target-practice-8930191.jpg
",Photo of woman practicing archery outdoors.
sports_caucasian_female_young,"https://i.pinimg.com/originals/25/cf/98/25cf98645465bb418c5d2c0e008594a7.jpg
",Photo of female soccer player celebrating.
computer_black_male_old,"https://static1.bigstockphoto.com/2/8/3/large1500/382109663.jpg
",Photo of person working on laptop.
yatch_caucasian_female_young,"https://c8.alamy.com/comp/P9HD0M/young-attractive-and-rich-caucasian-businesswoman-engages-a-yacht-having-fotossesion-on-a-luxury-boat-in-sea-at-sunny-summer-day-P9HD0M.jpg
",Photo of woman on boat enjoying sunny day.
hotel_caucasian_male_young,"https://thumbs.dreamstime.com/b/young-man-bed-yawn-sit-bed-room-covered-white-blanket-guy-hold-book-read-wants-to-young-man-bed-140715928.jpg
",Photo of person yawning while reading in bed.
office_indian_female_young,"https://thumb7.shutterstock.com/image-photo/stock-photo-cheerful-business-woman-talking-on-phone-450w-94535410.jpg
",Photo of a smiling woman using phone and laptop.
forest_hispanic_male_young,"https://ak.picdn.net/offset/photos/58e7ce5f17fb156e4805a409/medium/photo.jpg
",Photo of person with backpack in forest.
doctor_eastasian_male_young,"https://media.istockphoto.com/photos/male-doctor-showing-record-and-explaining-senior-patient-picture-id596097252?k=20&m=596097252&s=612x612&w=0&h=ZwFZyIOb9KnWR8GESYhvizFP3b87hDFJVzDqnZ61Lv8=
",Photo of a doctor consulting with patient.
kitchen_hispanic_male_old,"https://c8.alamy.com/comp/2H36F8T/smiling-happy-senior-mature-man-standing-in-kitchen-table-looking-at-camera-preparing-healthy-food-making-fresh-vegetable-salad-enjoying-cooking-al-2H36F8T.jpg
",Photo of man standing in kitchen with vegetables.
kitchen_hispanic_female_young,"https://thumb101.shutterstock.com/image-photo/stock-photo-young-woman-in-the-kitchen-preparing-a-food-450w-221528263.jpg
",Photo of woman cooking in kitchen.
doctor_caucasian_male_young,"https://img.freepik.com/premium-photo/portrait-cheerful-smiling-young-doctor-with-stethoscope-neck-medical-coat_255757-1414.jpg?w=2000
",Photo of a smiling man in medical attire.
singer_eastasian_male_young,"https://www.indivstock.com/static35/preview2/stock-photo-lwtwl0002513-533204.jpg
",Photo of person holding an acoustic guitar.
gym_caucasian_male_old,"https://img3.stockfresh.com/files/k/kzenon/m/12/6857594_stock-photo-senior-doing-sport-on-spinning-bike-in-gym.jpg
",Photo of man exercising on stationary bike.
doctor_caucasian_female_young,"https://previews.123rf.com/images/lithian/lithian1602/lithian160200031/52548474-portrait-of-an-attractive-young-female-doctor-in-white-coat-.jpg
",Photo of a woman in medical attire with stethoscope.
hotel_indian_female_young,"https://c8.alamy.com/comp/2HKEP86/a-gesture-as-strong-as-faith-shot-of-an-attractive-young-woman-meditating-on-her-bed-at-home-2HKEP86.jpg
",Photo of person practicing meditation on bed.
computer_black_female_young,"https://www.photocase.com/photos/2630027-black-woman-working-with-laptop-at-the-airport-waiting-at-the-window-photocase-stock-photo-large.jpeg
",Photo of woman working on laptop at airport
computer_caucasian_male_old,"https://thumbs.dreamstime.com/b/elderly-man-working-laptop-smiling-20855483.jpg
",Photo of smiling man with laptop and mug.
kitchen_eastasian_female_old,"https://media.istockphoto.com/photos/senior-adult-asian-chinese-preparing-food-picture-id1289339063?k=20&m=1289339063&s=612x612&w=0&h=H9KRsKZ4vAs7yRG6DSgmm8mCI0Tz1gSUg2ROCNIKYQE=
",Photo of person happily preparing food in kitchen.
pilot_black_male_young,"https://milwaukeecourieronline.com/wp-content/uploads/2013/05/Favour-Odozor.jpg
",Photo of a pilot in an aircraft cockpit.
construction_caucasian_female_young,"https://previews.123rf.com/images/nd3000/nd30001906/nd3000190600582/124789872-young-woman-architect-construction-engineer-at-a-construction-site.jpg
",Photo of smiling engineer with laptop outdoors.
yatch_black_male_young,"https://thumbs.dreamstime.com/b/young-african-american-sailor-tying-ropes-sailboat-sea-sunset-young-african-american-sailor-tying-ropes-sailboat-230326656.jpg
",Photo of man working with rope on boat.
bench_black_female_old,"https://media.istockphoto.com/photos/senior-black-woman-reading-a-book-picture-id538686557?k=20&m=538686557&s=612x612&w=0&h=q-P3Gkk4Srt54lLfSy81eUwMxwcFJivESgl5ttbcOZM=
",Photo of woman reading on park bench.
office_indian_male_young,"https://as1.ftcdn.net/v2/jpg/02/03/55/34/1000_F_203553420_5D5lOIfM96Jv8yzJIDD7ShgFObuhimed.jpg
",Photo of man working on laptop in office.
car_indian_male_young,"https://thumbs.dreamstime.com/t/homem-asi%C3%A1tico-no-carro-3879855.jpg
",Photo of a man leaning out of a car.
construction_caucasian_female_young,"https://thumbs.dreamstime.com/z/woman-engineer-working-construction-site-vertical-female-caucasian-age-wearing-safety-white-cap-looking-camera-costruction-194233117.jpg
",Photo of a woman with clipboard at construction site.
doctor_hispanic_female_young,"https://cdn2.peopleimages.com/picture/201904/1857974-how-can-i-help-make-your-life-better-fit_400_400.jpg
",Photo of a smiling woman in medical attire.
bench_eastasian_female_young,"https://c8.alamy.com/comp/PJEPKH/young-asian-woman-in-retro-style-looking-at-her-watch-while-sitting-on-the-bench-in-park-PJEPKH.jpg
",Photo of person sitting on bench with book.
construction_eastasian_female_young,"https://thumbs.dreamstime.com/b/chinese-architect-calling-18212771.jpg
",Photo of smiling person with safety helmet and phone
office_eastasian_female_old,"https://cdn1.sph.harvard.edu/wp-content/uploads/sites/2477/2022/04/shutterstock_789118132-938x625.jpg
",Photo of elderly woman using laptop smiling.
singer_caucasian_male_young,"https://thumbs.dreamstime.com/z/young-male-black-haired-pop-singer-sings-to-microphone-man-dressed-white-performs-singing-85981439.jpg
",Photo of man singing into microphone.
gym_hispanic_male_old,"https://static3.bigstockphoto.com/1/0/4/large2/401233892.jpg
",Photo of a man exercising at gym
garden_indian_female_young,"https://media.istockphoto.com/photos/woman-watering-plants-with-fresh-flowers-picture-id1283372621?k=20&m=1283372621&s=612x612&w=0&h=WeLPQ6LGKKSRgkAPxEwpHDvw_CwbZK2R14OhbaNYbHA=
",Photo of person watering balcony garden plants.
roadside_indian_female_young,"https://images-eu.ssl-images-amazon.com/images/I/51xgwbqS4AL.jpg
",Photo of a woman in traditional dress walking.
photographer_indian_female_young,"https://thumbs.dreamstime.com/b/m%C5%82oda-fotograf-dziewczyna-z-cyfrow%C4%85-kamer%C4%85-50189863.jpg
",Photo of person with camera and hat.
gun_range_caucasian_male_young,"https://img.freepik.com/premium-photo/caucasian-man-with-pneumatic-pistol-his-hands-aims-target-passion-weapons-shooting-copy-space_326821-2766.jpg?w=360
",Photo of a person aiming a handgun outdoors.
bench_eastasian_female_old,"https://static2.bigstockphoto.com/8/9/1/large2/198607831.jpg
",Photo of elderly woman sitting by flowers.
drinking_water_indian_male_young,"https://thumbs.dreamstime.com/b/indian-handsome-man-drinking-water-warm-summer-park-sea-ocean-background-178357535.jpg
",Photo of person drinking water from bottle.
car_indian_female_old,"https://en-media.thebetterindia.com/uploads/2020/05/caruna.jpg
",Photo of a person sitting in a red car.
computer_eastasian_male_young,"https://thumbs.dreamstime.com/b/young-asian-blockchain-professional-wearing-shirt-glasses-working-sitting-front-desktop-computer-coworking-143862973.jpg
",Photo of man working at computer desk
sports_eastasian_female_old,"https://www.mauricespees.com/wp-content/uploads/2017/12/IMG_0109-Edit-400x284.jpg
",Photo of elderly woman playing badminton.
gun_range_eastasian_female_young,"https://thumbs.dreamstime.com/z/chinese-woman-m-gun-range-shooting-mounted-machine-gun-south-vietnam-80973740.jpg
",Photo of woman at shooting range.
office_eastasian_female_young,"https://gaijinpot.scdn3.secure.raxcdn.com/app/uploads/sites/4/2015/03/working-women.jpg
",Photo of a woman working at a computer desk.
kitchen_caucasian_male_young,"https://thumbs.dreamstime.com/b/happy-millennial-man-have-fun-cooking-food-kitchen-excited-funny-millennial-caucasian-man-enjoy-cooking-healthy-food-sign-211153290.jpg
",Photo of a person singing with kitchen whisk.
computer_eastasian_female_young,"https://media.istockphoto.com/photos/asian-woman-working-at-a-coffee-shop-with-a-laptop-picture-id1130519249?k=20&m=1130519249&s=612x612&w=0&h=g5_YN-nOJoTg4r6l2olRjkPSdFILwdfc6j6mptDgrZI=
",Photo of woman using laptop at cafe.
computer_hispanic_female_young,"https://thumbs.dreamstime.com/b/hispanic-teen-girl-school-student-using-laptop-elearning-online-young-ethnic-college-computer-writing-pc-working-home-184027827.jpg
",Photo of woman working on laptop.
computer_indian_male_young,"https://c8.alamy.com/comp/d4w5pp/young-smart-indian-corporate-d4w5pp.jpg
",Photo of man focused on using laptop outdoors.
computer_caucasian_female_old,"https://w0.peakpx.com/wallpaper/115/860/HD-wallpaper-not-quite-up-to-the-times-older-woman-office-computer-work-screen-white-out-business.jpg
",Photo of woman examining computer screen closely.
forest_black_male_young,"https://media.istockphoto.com/photos/young-black-man-wearing-a-face-mask-while-hiking-picture-id1257233857?k=20&m=1257233857&s=612x612&w=0&h=3qjjX46I6QCx07_K8oGGAunE1s-x74yz1JG6CWB2c98=
",Photo of a masked person outdoors
lab_indian_female_young,"http://laps.edu.pk/wp-content/uploads/2015/05/science-lab-21-300x174.jpg
",Photo of young scientist using microscope.
running_indian_female_young,"https://c8.alamy.com/comp/MMDGEX/one-female-walkway-running-fitness-exercise-jogging-morning-workout-park-MMDGEX.jpg
",Photo of a person jogging in a park.
hotel_indian_female_young,"https://img.freepik.com/premium-photo/beautiful-indian-woman-sitting-hotel-room-with-laptop_250865-81.jpg?w=2000
",Photo of woman using laptop indoors.
computer_indian_male_old,"https://previews.123rf.com/images/dnivrab/dnivrab1105/dnivrab110500149/9662844-an-old-indian-man-surfing-the-net-after-retirement.jpg
",Photo of man holding laptop.
lab_black_male_young,"https://media.istockphoto.com/photos/the-scientist-works-with-a-microscope-in-a-laboratory-conducting-and-picture-id1124414588?k=20&m=1124414588&s=612x612&w=0&h=N_f8ECDzrsdXhKsNOnD2xupykldu_WH3hbm0pGO9Mtc=
",Photo of scientist using microscope in laboratory.
singer_eastasian_female_young,"https://upload.wikimedia.org/wikipedia/commons/thumb/e/e5/25th_Anniversary_Namie_Amuro_Live.jpg/1200px-25th_Anniversary_Namie_Amuro_Live.jpg
",Photo of a female singer performing on stage.
car_indian_male_old,"https://images.pond5.com/sad-indian-old-man-sitting-footage-132443297_iconl.jpeg
",Photo of an elderly man driving a car.
bench_hispanic_male_old,"http://www.alovelyworld.com/photos/webgua/gimage/gua076.jpg
",Photo of elderly man sitting on park bench.
bench_hispanic_female_old,"https://thumbs.dreamstime.com/b/portrait-old-granny-park-bench-nice-portrait-old-granny-park-bench-167049166.jpg
",Photo of an elderly woman resting on a bench.
office_caucasian_male_young,"https://img.freepik.com/premium-photo/young-caucasian-man-work-from-home-laptop-connect-online-office-indoor-remote-internet-workplace-young-adult-male-is-freelance-work-smart-notebook-sitting-bed-bedroom-copy-space_121764-6873.jpg
",Photo of man using laptop with headphones.
doctor_eastasian_male_young,"https://previews.123rf.com/images/brad2/brad22009/brad2200900271/156608713-young-male-doctor-in-japan.jpg
",Photo of a smiling person in a doctor's coat.
sports_black_female_old,"https://as1.ftcdn.net/jpg/04/42/71/24/500_F_442712404_H1x5Lw7LV3dJED8C4bGKR7vBfyqw1VNL.jpg
",Photo of senior woman with tennis racket and ball.
garden_indian_male_young,"https://previews.123rf.com/images/mshivangi92/mshivangi922005/mshivangi92200500018/146942391-indian-middle-aged-man-gardening-in-sunlight-wearing-inner-and-sweatpants-during-work-from-home-in-l.jpg
",Photo of person watering garden plants.
forest_caucasian_female_young,"https://thumbs.dreamstime.com/b/pretty-caucasian-middle-age-woman-sitting-ground-doing-camping-tent-forest-enjoying-outdoor-leisure-activity-142411359.jpg
",Photo of woman relaxing by tent in forest.
gym_indian_male_old,"https://assets.gqindia.com/photos/5cdc5e3e306c1c15706e73af/master/w_1600%2Cc_limit/Body-transformation-02-440x486.jpg
",Photo of a focused man working out in a gym.
hotel_black_male_young,"https://thumbs.dreamstime.com/b/black-man-businessman-sitting-packed-suitcase-looking-window-hotel-room-black-man-businessman-sitting-looking-189686635.jpg
",Photo of man with phone sitting by window.
gun_range_eastasian_male_young,"https://image.vietnamnews.vn/uploadvnnews/Article/2017/5/8/minh80174421PM.jpg
",Photo of a shooter aiming his pistol.
gym_eastasian_male_young,"http://seopic.699pic.com/photo/50110/0445.jpg_wh1200.jpg
",Photo of man flexing muscles in gym.
garden_black_male_young,"https://post.healthline.com/wp-content/uploads/2020/07/Male_Farm_732x549-thumbnail-732x549.jpg
",Photo of man holding produce in greenhouse.
construction_hispanic_male_young,"https://image.shutterstock.com/image-photo/hispanic-male-contractor-blueprint-plans-260nw-1432017509.jpg
",Photo of smiling construction worker with blueprints.
gun_range_hispanic_male_young,"https://st.depositphotos.com/1010710/2180/i/950/depositphotos_21801723-stock-photo-man-aiming-hand-gun-at.jpg
",Photo of person practicing target shooting.
shopping_hispanic_female_young,"https://previews.123rf.com/images/antoniodiaz/antoniodiaz1601/antoniodiaz160100017/50325388-pretty-young-hispanic-woman-carrying-many-shopping-bags-and-standing-in-front-of-a-clothing-store-wi.jpg
",Photo of smiling woman with shopping bags.
running_black_male_young,"https://c8.alamy.com/comp/F2HR1N/young-african-american-black-man-jogging-and-running-on-a-path-and-F2HR1N.jpg
",Photo of a man jogging outdoors.
fashion_show_eastasian_male_young,"https://i.pinimg.com/236x/01/b1/88/01b1886e9ae731ae04ccb3c05e136bc6--japanese-fashion-designers-mens-japanese-fashion.jpg
",Photo of man in avant-garde fashion outfit.
soldier_black_female_young,"https://i.pinimg.com/236x/04/94/b6/0494b6ab9bbb0a5926077f7d8f5344d6.jpg
",Photo of a person in military uniform sitting.
shopping_eastasian_male_young,"https://thumb101.shutterstock.com/image-photo/stock-photo-beijing-aug-shoppers-at-livat-shopping-mall-owned-by-inter-ikea-centre-group-livat-has-450w-305734877.jpg
",Photo of a man and woman walking in a mall.
pilot_black_female_young,"https://i.pinimg.com/736x/fb/95/c6/fb95c64bf517c59689c5e3d14e970063.jpg
",Photo of a woman in pilot uniform.
kitchen_caucasian_female_young,"https://st3.depositphotos.com/4416741/35450/i/1600/depositphotos_354501950-stock-photo-young-caucasian-woman-cooking-food.jpg
",Photo of a woman preparing vegetables.
car_caucasian_male_young,"https://t1.ftcdn.net/jpg/00/59/45/32/400_F_59453214_rc0NBxAVORZDG86zp7h6BLLPvlFCkNJR.jpg
",Photo of man driving car wearing sunglasses.
photographer_black_female_young,"https://static1.bigstockphoto.com/1/9/1/large2/191889160.jpg
",Photo of smiling woman holding a camera.
lab_indian_male_young,"https://st.depositphotos.com/thumbs/2702761/image/3313/33138945/api_thumb_450.jpg
",Photo of a scientist conducting an experiment.
car_indian_male_young,"https://thumbs.dreamstime.com/z/uomo-asiatico-automobile-3879780.jpg
",Photo of man sitting in car.
computer_caucasian_male_old,"https://img.freepik.com/premium-photo/elderly-caucasian-man-glasses-with-serious-expression-his-face-working-laptop-his-desk-white-background_154092-10140.jpg?w=2000
",Photo of concentrated senior man using laptop.
doctor_hispanic_female_young,"https://media.istockphoto.com/photos/smiling-female-doctor-picture-id525059775?k=20&m=525059775&s=612x612&w=0&h=M0PCh1gg_6H6weZR2xBSaeis1i-0BL1gT5MxGemVcqY=
",Photo of a smiling woman in medical attire.
photographer_eastasian_female_young,"https://thumb7.shutterstock.com/image-photo/stock-photo-female-photographer-with-camera-walking-in-the-park-450w-435035821.jpg
",Photo of a smiling woman with a camera.
bench_hispanic_male_old,"https://thumbs.dreamstime.com/t/vieil-homme-boulevers%C3%A9-seul-s-asseyant-en-parc-et-pensant-%C3%A0-la-vie-retrait%C3%A9-134892931.jpg
",Photo of elderly man sitting on park bench.
gun_range_black_male_young,"https://static.bangkokpost.com/media/content/2020/11/03/373DEF10110B40AF8DF13558A83F08EC_700.jpg
",Photo of person practicing at a shooting range.
singer_indian_male_young,"https://images.mid-day.com/images/images/2015/may/17Amaal-Malik-1.jpg
",Photo of man with guitar.
car_eastasian_female_old,"https://cdn.plus.amanaimages.com/uploads/items/026/461/93/preview/FYI02646193.jpg
",Photo of smiling person standing by car.
singer_hispanic_female_young,"https://t2.ftcdn.net/jpg/00/79/09/41/240_F_79094129_z5M6twxYgCoJDMW6cvJBBvUcnM3e8cUx.jpg
",Photo of a woman singing into a microphone.
singer_caucasian_male_young,"https://c8.alamy.com/comp/TYKWG1/emotional-young-male-singer-singing-on-a-microphone-with-closed-eyes-isolated-on-white-background-TYKWG1.jpg
",Photo of man singing into microphone.
bench_caucasian_female_old,"https://thumbs.dreamstime.com/b/elderly-woman-sitting-relaxing-bench-park-outdoors-127692459.jpg
",Photo of elderly person reading on park bench.
computer_indian_male_old,"http://www.soundmindtelepsychiatry.com/wp-content/uploads/2018/09/thumb_16750742.jpg
",Photo of an elderly man using a laptop.
doctor_black_female_young,"https://i.pinimg.com/474x/96/7f/2c/967f2c118013d1002a8b672b112eab81--woman-doctor-female-doctor.jpg
",Photo of smiling woman in medical attire.
forest_caucasian_male_young,"https://c8.alamy.com/comp/2AF5BK2/young-caucasian-man-standing-on-small-bridge-in-lansing-west-virginia-2AF5BK2.jpg
",Photo of a man walking on forest path.
kitchen_caucasian_female_old,"https://thumbs.dreamstime.com/z/old-woman-kitchen-22931189.jpg
",Photo of smiling elderly woman preparing food.
running_black_male_young,"https://thumbs.dreamstime.com/b/black-man-running-outdoors-urban-road-listening-to-music-white-headphones-young-male-exercising-city-scape-87423966.jpg
",Photo of person jogging in urban setting
computer_eastasian_female_young,"https://previews.123rf.com/images/dmbaker/dmbaker1212/dmbaker121200027/16799787-portrait-of-a-beautiful-young-asian-chinese-woman-or-businesswoman-in-office-reading-paperwork-and-u.jpg
",Photo of focused woman reviewing document at desk.
photographer_eastasian_female_young,"https://thumbs.dreamstime.com/b/%E5%A5%B3%E6%80%A7%E6%91%84%E5%BD%B1%E5%B8%88-63271507.jpg
",Photo of woman with camera.
office_black_male_young,"https://i.pinimg.com/originals/52/c5/85/52c585b98d0e97f0e2d542af8feb3d40.jpg
",Photo of man gesturing during office meeting.
photographer_black_male_young,"https://image.shutterstock.com/image-photo/image-450w-1707987559.jpg
",Photo of man using camera on tripod outdoors.
drinking_water_eastasian_female_young,"https://image.shutterstock.com/shutterstock/photos/214729834/display_1500/stock-photo-beautiful-young-asian-woman-who-drinks-water-214729834.jpg
",Photo of person drinking water outdoors.
drinking_water_black_male_young,"https://c8.alamy.com/comp/B3BWBN/african-man-drinking-water-bottle-B3BWBN.jpg
",Photo of man drinking water from bottle outdoors.
office_indian_male_old,"https://media.istockphoto.com/photos/smiling-mature-manager-sitting-at-creative-office-picture-id1150096021?k=20&m=1150096021&s=612x612&w=0&h=VZXMDLvcgeuN7WwE93ExiMgexcVmfd3_Noa7Aibl7s4=
",Photo of smiling man in contemporary office setting.
singer_eastasian_male_young,"https://i.ytimg.com/vi/L8JEZopTN_Y/hqdefault.jpg
",Photo of a man singing on stage.
garden_hispanic_female_young,"https://l450v.alamy.com/450v/djaeh3/hispanic-woman-watering-flowers-in-garden-djaeh3.jpg
",Photo of woman with watering can in garden.
fashion_show_eastasian_male_young,"https://image.shutterstock.com/shutterstock/photos/3253408/display_1500/stock-photo-asian-male-model-on-the-catwalk-during-a-fashion-show-editorial-only-3253408.jpg
",Photo of a male model on runway.
computer_black_male_young,"https://thumbs.dreamstime.com/z/young-black-man-desk-laptop-computer-looks-to-camera-93537201.jpg
",Photo of smiling man at desk with laptop.
yatch_caucasian_female_young,"https://thumbs.dreamstime.com/b/fille-sur-un-yacht-16001095.jpg
",Photo of woman lounging on a yacht
car_hispanic_female_young,"https://c8.alamy.com/comp/RJ9HJP/portrait-confident-cool-latinx-young-woman-with-low-rider-vintage-car-in-background-RJ9HJP.jpg
",Photo of a woman near vintage car.
bench_caucasian_female_young,"https://st.focusedcollection.com/9163412/i/1800/focused_222712944-stock-photo-young-woman-sitting-park-bench.jpg
",Photo of woman reading outdoors on bench
bench_eastasian_male_old,"https://thumbs.dreamstime.com/b/happy-asian-man-sitting-bench-park-happy-asian-man-sitting-bench-park-184581225.jpg
",Photo of man sitting on park bench.
yatch_indian_male_young,"https://img3.stockfresh.com/files/sstk/319/4497841-stock-photo-low-angle-view-of-young-bearded-man-standing-on-the-nose-yacht-331204190.jpg
",Photo of man on yacht looking at sea.
kitchen_hispanic_female_young,"https://img3.stockfresh.com/files/sstk/295/1892021-stock-photo--beautiful-young-housewife-in-the-kitchen-111401423.jpg
",Photo of woman tasting food in kitchen.
photographer_hispanic_female_young,"https://cdn.xxl.thumbs.canstockphoto.com/canstock11203423.jpg
",Photo of a smiling woman holding a camera.
pilot_hispanic_female_young,"https://img3.stockfresh.com/files/s/stokkete/m/27/8384684_stock-photo-pilot-in-the-aircraft-cockpit.jpg
",Photo of smiling pilot in cockpit.
hotel_black_female_young,"https://media.istockphoto.com/photos/woman-sitting-in-hotel-room-and-using-digital-tablet-picture-id468730312?k=20&m=468730312&s=612x612&w=0&h=r3ILA_2BymPtSPWnRxOYaBRqNTBdxwFZrbGebLQxZZQ=
",Photo of a person writing in a hotel room.
yatch_eastasian_female_young,"https://t4.thpservices.com/previewimage/gallil/bc037068c031257524443658328910b1/vws-cpmh11726.jpg
",Photo of a person holding a wine glass.
gym_indian_female_young,"https://c8.alamy.com/comp/WNKP4C/portrait-of-smiling-woman-exercising-in-gym-WNKP4C.jpg
",Photo of woman exercising with suspension trainer.
sports_hispanic_female_young,"https://img.freepik.com/premium-photo/young-hispanic-woman-playing-basketball-isolated-white-happy-smiling-covering-mouth-with-hand_1368-161383.jpg
","Photo of woman holding basketball, covering mouth with hand."
singer_caucasian_female_young,"https://image.shutterstock.com/shutterstock/photos/46169566/display_1500/stock-photo-rock-singer-pretty-girl-singing-into-microphone-young-female-singer-with-blond-hair-singing-a-46169566.jpg
",Photo of person singing with microphone.
singer_caucasian_female_young,"https://c8.alamy.com/comp/JN1GE1/young-caucasian-blonde-woman-with-glasses-standing-on-stage-singing-JN1GE1.jpg
",Photo of a woman singing into a microphone.
car_eastasian_female_young,"https://media.istockphoto.com/photos/asian-woman-hold-car-key-picture-id1174827175?k=20&m=1174827175&s=612x612&w=0&h=z-wpYVDw5-v6-VRSEB2Qdi4TYlpUzFlppA5_I5Jm6JI=
",Photo of smiling person holding car keys.
forest_eastasian_male_young,"https://c8.alamy.com/comp/BBAMR3/man-leaning-against-tree-listening-to-music-on-mp3-player-tent-in-BBAMR3.jpg
",Photo of person camping with smartphone and headphones.
car_eastasian_male_old,"https://image.shutterstock.com/image-photo/portrait-smiling-asian-senior-man-260nw-2051039762.jpg
",Photo of smiling driver in car.
sports_eastasian_male_young,"https://c8.alamy.com/comp/P35EBN/young-asian-male-player-holding-a-basketball-looking-at-camera-P35EBN.jpg
",Photo of man holding basketball outdoors.
kitchen_black_female_old,"https://media.istockphoto.com/photos/senior-female-chopping-vegetable-at-kitchen-island-picture-id1191395081?k=20&m=1191395081&s=612x612&w=0&h=ySOPRYkCVk4Bp7NjO1Erjo14QMK3pG2B6mwxIWco3sc=
",Photo of person chopping vegetables in kitchen.
shopping_caucasian_male_young,"https://thumbs.dreamstime.com/z/man-doing-shopping-handsome-young-white-shirt-holding-bags-talking-mobile-phone-smiling-walking-mall-67280983.jpg
",Photo of man shopping and talking on phone.
office_black_male_young,"https://image.shutterstock.com/image-photo/young-african-executive-wearing-shirt-260nw-725283322.jpg
",Photo of a focused man working on a laptop.
sports_hispanic_female_young,"https://thumb10.shutterstock.com/image-photo/stock-photo-tennis-player-with-racket-on-white-isolated-450w-174882497.jpg
",Photo of woman holding tennis racket and ball
gym_black_male_young,"https://previews.123rf.com/images/sam74100/sam741001904/sam74100190400112/120326435-black-african-american-young-man-doing-workout-at-the-gym.jpg
",Photo of man exercising with dumbbell.
fashion_show_caucasian_male_young,"https://www.scarves-shawls-bags.com/wp-content/uploads/2018/05/Black-Lurex-Men%E2%80%99s-scarf.png
",Photo of man wearing scarf and jacket.
sports_caucasian_male_old,"https://c8.alamy.com/comp/2C89JFD/elderly-man-in-a-green-jersey-holding-a-basketball-isolated-on-white-background-2C89JFD.jpg
",Photo of a smiling person with basketball.
running_indian_male_young,"https://media.istockphoto.com/photos/man-men-jogging-at-park-picture-id1194101416?k=20&m=1194101416&s=612x612&w=0&h=31eGvgMZvbpNaA_WUKmqB1rZ8XoHZ--N7WU1T5sjVKI=
",Photo of man jogging in park.
singer_hispanic_female_young,"https://thumbs.dreamstime.com/b/female-singer-performing-microphone-6970668.jpg
",Photo of woman singing into microphone.
doctor_caucasian_male_young,"https://img3.stockfresh.com/files/s/stockyimages/m/64/5519613_stock-photo-patient-is-now-normal.jpg
",Photo of smiling person dressed as doctor.
hotel_black_male_young,"https://th.bing.com/th/id/OIP.R-px5BnhrSdNhaJ7YxPpmAHaFH?pid=ImgDet&rs=1
",Photo of smiling man with hat indoors.
computer_caucasian_female_old,"https://st.depositphotos.com/1905901/1880/i/950/depositphotos_18801661-stock-photo-older-woman-on-computer.jpg
",Photo of senior woman using computer.
computer_caucasian_female_old,"https://static3.bigstockphoto.com/7/2/2/large2/227429575.jpg
",Photo of a woman using laptop indoors.
sports_hispanic_female_old,"https://m.psecn.photoshelter.com/img-get/I0000HbvAVTvhAfc/t/200/I0000HbvAVTvhAfc.jpg
",Photo of person playing tennis.
soldier_black_female_young,"https://st4.depositphotos.com/14520832/31398/i/1600/depositphotos_313985036-stock-photo-young-latin-indian-woman-soldier.jpg
",Photo of person in military gear holding pistol.
fashion_show_hispanic_male_young,"http://www.dhresource.com/260x260/f2/albu/g1/M00/1D/B8/rBVaGFbpn-WAHTQIAATg_daqlRo962.jpg
",Photo of a man modeling a white suit.
garden_black_male_young,"https://c8.alamy.com/comp/B58W7M/monet-s-garden-giverny-haute-normandie-france-europe-B58W7M.jpg
",Photo of person gardening among flowers.
office_hispanic_female_young,"https://c8.alamy.com/comp/2K3WG8E/happy-and-successful-hispanic-woman-working-inside-modern-office-building-business-woman-using-tablet-computer-smiling-and-looking-at-camera-worker-doing-paperwork-2K3WG8E.jpg
",Photo of a smiling professional with tablet.
hotel_hispanic_male_young,"https://thumb7.shutterstock.com/image-photo/stock-photo-portrait-of-asian-businessman-with-a-suitcase-sitting-on-a-bed-in-a-hotel-room-450w-204637531.jpg
",Photo of man relaxing on bed in suit.
computer_black_female_old,"https://media.istockphoto.com/photos/mature-black-woman-working-from-home-picture-id1300579577?k=20&m=1300579577&s=612x612&w=0&h=5njLovMo6nV5tsNiCvb24rxPxiCBQEiDKNqudXAk-og=
",Photo of smiling woman working on laptop.
sports_hispanic_male_young,"https://image.shutterstock.com/image-photo/young-hispanic-man-training-basketball-260nw-2063460467.jpg
",Photo of a smiling person holding a basketball.
bench_hispanic_male_old,"https://thumbs.dreamstime.com/x/pensive-mature-man-sitting-on-bench-in-an-urban-park-99989916.jpg
",Photo of a smiling man sitting on park bench.
yatch_indian_female_young,"https://img3.stockfresh.com/files/sstk/256/8889622-stock-photo-beautiful-mix-race-tanned-skin-woman-walk-along-luxury-yachts-in-marina-black-bikini-big-hat-jean-1085717552.jpg
",Photo of a woman posing on a boat.
sports_caucasian_male_old,"https://thumbs.dreamstime.com/b/elderly-man-dribbling-basketball-studio-wearing-sportswear-isolated-white-background-191929296.jpg
",Photo of elderly man playing basketball.
kitchen_eastasian_male_young,"https://media.istockphoto.com/photos/young-adult-male-cooking-at-home-alone-picture-id1151006834?k=20&m=1151006834&s=612x612&w=0&h=wlU4YvNCPax-NthEfWBqm3KnevZZQZ-TK48r0XLzbKU=
",Photo of person cooking in kitchen.
computer_caucasian_female_old,"https://thumb7.shutterstock.com/image-photo/stock-photo-happy-senior-woman-calculating-her-finance-at-home-450w-57737737.jpg
",Photo of a smiling woman using laptop at home.
sports_eastasian_male_young,"https://photos.smugmug.com/Japan/Japanese-Scenes/i-bsZ3NLq/5/dfeac9fe/L/DSC_1800-L.jpg
",Photo of athlete performing mid-air soccer move.
running_eastasian_female_young,"https://media.istockphoto.com/photos/healthy-beautiful-young-asian-runner-woman-in-sports-clothing-running-picture-id1147281558?k=20&m=1147281558&s=612x612&w=0&h=iY-MXa4wtGFjwwbuykowWtSztu41ezb4VfSS22ZCY60=
",Photo of woman running by a lake.
gym_black_female_young,"https://i.pinimg.com/originals/e5/6d/eb/e56deb2c3201c584ed05579a499994a0.jpg
",Photo of a female athlete with hula hoop.
forest_caucasian_female_young,"https://thumbs.dreamstime.com/z/woman-camping-mobile-phone-10782820.jpg
",Photo of smiling woman near camping tent.
car_eastasian_male_old,"http://static.notcot.org/images/uploads/ANDREW_BUSH_NOTCOT.jpg
",Photo of man driving vintage car.
car_eastasian_female_young,"https://c8.alamy.com/comp/J2MPWK/young-asian-woman-riding-in-a-convertible-sport-car-happy-and-smiling-J2MPWK.jpg
",Photo of woman driving a convertible car.
garden_black_male_young,"https://media.istockphoto.com/photos/m-happiest-when-im-working-my-fields-picture-id903601228?k=20&m=903601228&s=612x612&w=0&h=33Mz5gPv-jKQ2V6_YDBw14TlYEO4eQnSApcMkXJW6ko=
","Photo of a man gardening, smiling at camera."
construction_eastasian_female_young,"https://image.shutterstock.com/image-photo/asian-girl-construction-engineer-site-260nw-1661212204.jpg
",Photo of a woman with safety gear holding tablet.
roadside_eastasian_male_young,"https://thumb1.shutterstock.com/image-photo/stock-photo-smiling-asian-businessman-450w-234654010.jpg
",Photo of a man by the sea with crossed arms.
bench_hispanic_female_young,"https://image.shutterstock.com/image-photo/stock-photo-dreaming-attractive-young-white-girl-posing-outdoors-in-a-bright-sunny-summer-day-450w-105832754.jpg
",Photo of woman sitting on park bench looking away.
shopping_indian_male_young,"https://thumb101.shutterstock.com/image-photo/stock-photo-asian-men-are-choosing-to-buy-in-the-supermarket-450w-360290447.jpg
",Photo of man shopping with cart in supermarket.
gym_indian_male_young,"https://static.vecteezy.com/system/resources/previews/006/784/587/large_2x/asian-indian-men-images-in-gym-doing-workout-photo.jpg
",Photo of man exercising in gym.
yatch_hispanic_male_young,"https://thumbs.dreamstime.com/t/man-sitting-yacht-deck-vacation-holidays-travel-sea-people-concept-sunglasses-42833214.jpg
",Photo of person relaxing on sailboat.
kitchen_black_female_old,"https://media.istockphoto.com/photos/happy-senior-woman-preparing-lunch-in-modern-kitchen-hispanic-mother-picture-id1328142685?k=20&m=1328142685&s=612x612&w=0&h=wdwhgyGd2gu6K1AkUsBVn2h2PL2jLmU8wE_SjX3Smz4=
",Photo of person cooking and smiling.
garden_indian_female_young,"https://static.toiimg.com/thumb/msid-75179711,imgsize-644461,width-800,height-600,resizemode-75/75179711.jpg
",Photo of a woman smiling in a garden.
gym_black_male_old,"https://media.istockphoto.com/photos/athletic-black-man-exercising-indoors-picture-id507954332?k=20&m=507954332&s=612x612&w=0&h=5as2BjEC8Y4JB2ptBUiQnSh4oCzxKJ_VN0uPkPNDDF0=
",Photo of a man doing push-ups in gym.
soldier_hispanic_male_young,"https://l450v.alamy.com/450v/ktd8g9/handsome-male-soldier-saluting-ktd8g9.jpg
",Photo of a person saluting in camouflage attire.
yatch_hispanic_female_young,"https://thumbs.dreamstime.com/z/young-beautiful-brunette-girl-sitting-luxury-yacht-luxury-lifestyle-sailing-boat-healthy-outdoor-living-freedom-travel-123479829.jpg
",Photo of person lounging on a boat.
sports_caucasian_female_old,"https://thumbs.dreamstime.com/b/smiling-elderly-woman-playing-tennis-as-recreational-activity-210661084.jpg
",Photo of person playing tennis.
forest_indian_female_young,"http://indianxxxporn.pro/storage/5/175_girl_fucking_forest.jpg
",Photo of a person in a wooded area.
bench_black_male_old,"https://c8.alamy.com/comp/F98D8E/an-older-black-man-sits-on-a-bench-listening-to-a-radio-F98D8E.jpg
",Photo of man sitting and listening to radio.
fashion_show_hispanic_female_young,"https://i.pinimg.com/236x/14/c2/d6/14c2d6a4cbfe46dda15d975f9f00bf42.jpg
",Photo of woman modeling flamenco-inspired fashion.
fashion_show_eastasian_male_young,"https://www.thairath.co.th/media/NjpUs24nCQKx5e1D7dnG45avrrLLU7UxFJK6GZQ45kf.jpg
",Photo of a person in a vibrant outfit.
doctor_eastasian_male_young,"https://media.istockphoto.com/photos/m-confident-i-can-care-for-you-picture-id945520256?k=20&m=945520256&s=612x612&w=0&h=eeDY79StH8qUITmAqrZOvzq7QMSmhR5dvybILuEey80=
",Photo of smiling person in medical attire.
fashion_show_eastasian_male_young,"https://www.thairath.co.th/media/NjpUs24nCQKx5e1D7dnG45avrrLLU7UxFJK6GZQ45kf.jpg
",Photo of man in orange shirt and black pants.
lab_hispanic_male_young,"https://c8.alamy.com/comp/2JFP523/one-serious-young-male-medical-scientist-sitting-at-a-desk-and-using-a-microscope-to-examine-and-analyse-test-samples-on-slides-in-a-hospital-2JFP523.jpg
",Photo of scientist using a microscope.
construction_indian_female_young,"https://thumbs.dreamstime.com/b/weiblicher-bauarbeiter-26366996.jpg
",Photo of smiling person with hard hat.
computer_eastasian_male_young,"https://media.istockphoto.com/photos/business-people-picture-id1292991000?k=20&m=1292991000&s=612x612&w=0&h=ChcF2uRvp6fwHZBFRq6UsCMmrpmNYI_IIvX-ZTTyHME=
",Photo of person contemplating at laptop.
construction_eastasian_female_young,"https://media.istockphoto.com/photos/portrait-of-female-oil-worker-picture-id1210681469?k=20&m=1210681469&s=612x612&w=0&h=k7QGvTZn_rY32YgqyNM8u2sCsleiPYAVNaPGjptN_TA=
",Photo of worker at industrial site.
garden_caucasian_male_young,"https://thumbs.dreamstime.com/b/f%C3%B6r-sugr%C3%B6rhatt-f%C3%B6r-tr%C3%A4dg%C3%A5rds-tr%C3%A4dg%C3%A5rdsm%C3%A4stare-b%C3%A4rande-v%C3%A4xter-f%C3%B6r-ask-55783050.jpg
",Photo of gardener carrying crate in garden.
computer_eastasian_male_old,"http://img95.699pic.com/photo/50093/4976.jpg_wh300.jpg!/fh/300
",Photo of businessman at computer desk.
shopping_caucasian_female_young,"https://image.shutterstock.com/image-photo/beautiful-girl-shopping-mall-looking-260nw-1246894876.jpg
",Photo of woman smiling with shopping bags.
roadside_caucasian_female_young,"https://thumb9.shutterstock.com/image-photo/stock-photo-image-of-pretty-businesswoman-looking-at-camera-on-natural-space-450w-183528716.jpg
",Photo of woman standing on a forest road.
singer_indian_female_young,"https://thumbs.dreamstime.com/x/singing-prayer-10976830.jpg
",Photo of a woman singing into a microphone.
bench_caucasian_male_old,"http://tse2.mm.bing.net/th?id=OIP.eTRpOWjFXjP9LwmYQikhBQHaKD
",Photo of man sitting on park bench.
pilot_indian_female_young,"https://images.hindustantimes.com/rf/image_size_630x354/HT/p2/2021/01/08/Pictures/_71befa82-51af-11eb-8a3c-8a727805186f.jpg
",Photo of female pilot in cockpit.
sports_indian_female_young,"https://www.kreedon.com/wp-content/uploads/2021/11/a3fa3-16217689530123-800-300x215.jpg
",Photo of athlete with a medal.
hotel_indian_female_young,"https://thumbs.dreamstime.com/z/woman-relaxing-hotel-room-sensual-62001207.jpg
",Photo of person relaxing on a bed.
computer_caucasian_male_old,"https://image.shutterstock.com/image-photo/elderly-man-white-hair-glasses-260nw-1747380767.jpg
",Photo of an elderly man working on a laptop.
pilot_eastasian_female_young,"https://1.bp.blogspot.com/-WQghdkz5gGs/W4Krhl-7d3I/AAAAAAAANWc/fNbwe5mAzLkejKZvqOLxcccI-ab1rsIuwCLcBGAs/s1600/japan-first-female-fighter-pilot1.jpg
",Photo of person in pilot gear near aircraft.
gym_caucasian_male_young,"https://dm0qx8t0i9gc9.cloudfront.net/thumbnails/video/r6uQGb9/videoblocks-strong-young-white-guy-training-at-home-handsome-hispanic-male-athlete-working-out-for-well-being-fitness-healthy-lifestyle-in-domestic-gym-latino-people-doing-high-knee-taps-exercise-for-sports_rqzpk0a0vv_thumbnail-1080_01.png
",Photo of man in gym shorts.
garden_hispanic_female_young,"https://media.istockphoto.com/photos/smiling-woman-digging-in-a-vegetable-box-with-a-trowel-picture-id1251362594?k=20&m=1251362594&s=612x612&w=0&h=6A-MouPkbOaUF3zZd9az0yQFbihcUtcnrexRmL1GAYY=
",Photo of woman gardening in raised bed.
bench_indian_female_old,"https://thumb1.shutterstock.com/image-photo/stock-photo-portrait-of-a-graceful-senior-indian-woman-senior-indian-woman-sitting-in-the-lawn-or-garden-450w-99115868.jpg
",Photo of elderly woman sitting outdoors.
construction_hispanic_male_young,"https://img.freepik.com/premium-photo/portrait-hispanic-latin-male-engineer-worker-factory-staff-standing-smile-looking-camera-with-space-text_43300-2843.jpg
",Photo of a smiling construction worker.
roadside_eastasian_female_young,"https://thumbs.dreamstime.com/z/asian-girl-tourists-standing-roadside-to-wave-taxi-travel-capital-asian-girl-tourists-standing-roadside-193932809.jpg
",Photo of woman hailing a cab in city.
gym_caucasian_female_young,"https://img.freepik.com/premium-photo/sport-fitness-young-adult-caucasian-woman-sitting-exercise-mat-concrete-floor-resting-after-morning-workout-outdoor-summer-park-athletic-female-take-break-listen-music-headphones_91014-5702.jpg?w=360
",Photo of a resting woman with headphones.
gym_caucasian_male_old,"https://thumbs.dreamstime.com/t/elderly-man-gym-exercise-56124219.jpg
",Photo of senior man using gym equipment.
sports_indian_female_young,"https://wp.scoopwhoop.com/wp-content/uploads/2018/03/5a9e48cf7c99885b6557c239_bd64fd52-5d56-4783-86ac-d8d6e5d63c00.jpg
",Photo of athlete with bronze medal.
pilot_black_male_young,"https://st4.depositphotos.com/4479867/25691/i/450/depositphotos_256915852-stock-photo-young-airline-pilot-african-dred.jpg
",Photo of smiling pilot holding cap.
bench_eastasian_male_old,"https://c8.alamy.com/comp/EX38K4/senior-japanese-man-sitting-on-a-bench-with-a-book-in-a-city-park-EX38K4.jpg
",Photo of person reading on park bench in autumn.
computer_eastasian_female_young,"https://thumbs.dreamstime.com/z/happy-asian-woman-laptop-computer-office-business-education-people-concept-young-working-109492517.jpg
",Photo of woman working on laptop at home
gym_hispanic_male_young,"https://thumb101.shutterstock.com/image-photo/stock-photo-handsome-man-at-the-gym-450w-49116631.jpg
",Photo of smiling man on exercise equipment.
sports_hispanic_male_old,"https://t1.ftcdn.net/jpg/00/09/83/62/400_F_9836279_50hfoZU0GM5Nhy8sjicDyYu1XAqpQFfL.jpg
",Photo of a man playing tennis.
kitchen_caucasian_female_old,"https://image.shutterstock.com/image-photo/elderly-woman-following-cookbook-kitchen-260nw-1197590755.jpg
",Photo of senior woman reading recipe in kitchen.
yatch_indian_male_young,"https://img.indiaforums.com/media/640x0/3/7811-akshay-kumar-standing-on-a-boat.jpg
",Photo of man posing on a boat.
sports_indian_female_old,"https://images.indianexpress.com/2018/09/india-oldest-athlete_759_ms.jpg?w=389
",Photo of elderly runner smiling during marathon.
kitchen_indian_female_young,"https://media.istockphoto.com/photos/the-queen-of-good-home-cooking-picture-id1088405734?k=20&m=1088405734&s=612x612&w=0&h=e8JHXGv7Dp52_7SljMEDqNDITlCouKzGIzDxFD5uuV4=
",Photo of person cooking in kitchen.
running_black_female_young,"https://thumbs.dreamstime.com/b/black-woman-afro-hairstyle-running-outdoors-urban-road-black-woman-afro-hairstyle-running-outdoors-urban-road-young-female-113470995.jpg
",Photo of woman jogging outdoors.
lab_indian_female_young,"https://www.dial4trade.com/uploaded_files/product_images/chemical-testing-services-657052.jpg
",Photo of person working in a laboratory.
pilot_eastasian_male_young,"https://c8.alamy.com/comp/2J01ER6/im-an-fighter-ace-a-shot-of-a-confident-asian-fighter-pilot-2J01ER6.jpg
",Photo of smiling pilot in front of aircraft.
shopping_black_male_young,"https://thumbs.dreamstime.com/z/african-man-doing-grocery-shopping-supermarket-wearing-face-mask-american-protective-buying-food-coronavirus-pandemic-201649331.jpg
",Photo of person shopping in grocery store aisle.
bench_indian_female_old,"https://img.fotocommunity.com/indian-woman-at-the-dochula-pass-4a8a8b8e-c7f4-45f7-ba7f-4e0d6a7270c0.jpg?height=240
",Photo of a woman sitting by the water.
garden_hispanic_male_young,"https://static1.bigstockphoto.com/9/3/1/large2/13907609.jpg
",Photo of man trimming flowers outdoors.
bench_eastasian_male_old,"https://img.freepik.com/premium-photo/happy-asian-man-sitting-bench-park_35378-2806.jpg
",Photo of contemplative man sitting on park bench.
forest_black_male_young,"https://thumbs.dreamstime.com/b/black-guy-setting-up-blue-tent-forest-cheerful-camping-194563460.jpg
",Photo of man setting up a tent.
shopping_hispanic_female_old,"https://thumbs.dreamstime.com/b/sale-old-people-concept-smiling-senior-woman-shopping-bags-over-mall-background-senior-woman-shopping-bags-over-mall-149782238.jpg
",Photo of a woman holding shopping bags.
computer_black_female_old,"https://media.istockphoto.com/photos/smiling-african-american-woman-working-on-a-tablet-picture-id1193023481?k=20&m=1193023481&s=612x612&w=0&h=0tSrf1Rd0yVmRgy7qDDeQuE7hhDWb86Gn_25eJlUcdQ=
",Photo of smiling woman using tablet.
roadside_caucasian_female_young,"https://thumb1.shutterstock.com/image-photo/stock-photo-portrait-of-beautiful-young-woman-in-green-dress-on-water-background-450w-383594398.jpg
",Photo of woman standing on rural path.
construction_hispanic_female_young,"https://t4.ftcdn.net/jpg/03/94/42/41/360_F_394424100_pEUtiAt8yIzLzTs9UEP0Fja9o0tbVYxB.jpg
",Photo of person with hard hat and safety vest.
fashion_show_hispanic_male_young,"https://i0.wp.com/fashionablymale.net/wp-content/uploads/2018/07/Mister-Triple-X-Miami-Swim-Week-SS201915.jpg?w=300&amp;h=450&amp;ssl=1
",Photo of a male model on runway.
car_black_female_young,"https://ak.picdn.net/offset/photos/58ac890917fb156e48052a15/medium/offset_510569.jpg?DFghwDcb
",Photo of smiling person driving vintage car.
bench_hispanic_female_old,"https://thumbs.dreamstime.com/z/lovely-hispanic-middle-aged-woman-park-sitting-bench-sunset-portrait-senior-hispanic-woman-park-sitting-147228281.jpg
",Photo of woman sitting on park bench.
drinking_water_black_male_young,"https://thumbs.dreamstime.com/b/young-africana-sportsman-drinking-water-refreshing-training-shirtless-african-man-holding-bottle-standing-49167420.jpg
",Photo of man drinking water from bottle.
gym_eastasian_female_old,"https://c8.alamy.com/comp/MKX94M/91-year-old-chinese-woman-keeps-fit-on-the-exercise-machines-at-a-senior-center-on-the-lower-east-side-manhattan-new-york-city-MKX94M.jpg
",Photo of senior woman using exercise machine.
car_caucasian_male_young,"https://img.freepik.com/premium-photo/young-caucasian-man-is-happy-get-keys-auto_183219-2672.jpg
",Photo of smiling driver holding car keys.
bench_eastasian_female_young,"https://image.shutterstock.com/image-photo/portrait-young-asian-woman-sitting-260nw-2125295705.jpg
",Photo of person sitting on park bench.
running_black_female_young,"https://thumbs.dreamstime.com/b/focused-young-black-woman-running-golden-sunlight-focused-young-black-woman-running-golden-sunlight-110589880.jpg
",Photo of a woman jogging on a street.
office_hispanic_female_young,"https://peopleimages.com/photos/picture/2016/1219320-im-in-touch-while-getting-the-paper-work-done-fit_400_400.jpg
",Photo of woman working and talking on phone.
office_caucasian_female_young,"https://www.photocase.com/photos/3958536-young-woman-working-on-laptop-in-bright-office-with-big-screen-behind-her-photocase-stock-photo-large.jpeg
",Photo of a smiling person with laptop.
drinking_water_caucasian_male_young,"https://th.bing.com/th/id/OIP.ZGv2WdaXVrfWhwtp0Uu68QHaE8?pid=ImgDet&w=3000&h=2000&rs=1
",Photo of person drinking water outdoors.
computer_indian_male_young,"https://static2.bigstockphoto.com/4/6/3/large1500/364654414.jpg
",Photo of man drinking tea near laptop.
construction_hispanic_male_young,"https://thumbs.dreamstime.com/b/mexican-construction-worker-site-160631021.jpg
",Photo of a construction worker at a job site.
car_black_male_young,"https://static2.bigstockphoto.com/5/8/1/large2/185529124.jpg
",Photo of man driving luxury vehicle.
kitchen_indian_female_young,"https://c8.alamy.com/comp/F54YP8/beautiful-indian-woman-chopping-cucumber-in-home-kitchen-F54YP8.jpg
",Photo of person cutting vegetables in kitchen.
drinking_water_black_female_young,"https://c8.alamy.com/comp/T4KKYM/thirsty-young-woman-drinking-water-from-plastic-bottle-for-health-T4KKYM.jpg
",Photo of woman drinking water from bottle.
